Month,Year,Day,Date,Open,High,Low,Close,Adj Close,Volume,Growth
5,2562,2,2/5/2019,4.141295,4.489628,4.063888,4.450925,4.450925,419804,0.075
5,2562,3,3/5/2019,4.334814,4.412221,3.77361,3.870369,3.870369,753778,-0.107
5,2562,7,7/5/2019,3.870369,3.947777,3.792962,3.870369,3.870369,267416,0.000
5,2562,8,8/5/2019,3.870369,4.489628,3.831666,4.29611,4.29611,877125,0.110
5,2562,9,9/5/2019,4.179999,4.489628,4.179999,4.257406,4.257406,204889,0.019
5,2562,10,10/5/2019,4.29611,4.334814,3.77361,3.792962,3.792962,1022331,-0.117
5,2562,13,13/5/2019,3.870369,3.870369,2.902777,3.154351,3.154351,2251722,-0.185
5,2562,14,14/5/2019,3.193055,3.193055,3.018888,3.193055,3.193055,292323,0.000
5,2562,15,15/5/2019,3.173703,3.193055,2.902777,3.134999,3.134999,598134,-0.012
5,2562,16,16/5/2019,3.115647,3.154351,2.960832,3.115647,3.115647,172748,0.000
5,2562,17,17/5/2019,3.115647,3.309166,3.096295,3.231758,3.231758,385751,0.037
5,2562,21,21/5/2019,3.231758,3.25111,3.173703,3.231758,3.231758,218945,0.000
5,2562,22,22/5/2019,3.231758,3.231758,3.076943,3.154351,3.154351,488015,-0.024
5,2562,23,23/5/2019,3.154351,3.173703,3.057592,3.115647,3.115647,223802,-0.012
5,2562,24,24/5/2019,3.115647,3.231758,3.03824,3.173703,3.173703,297077,0.019
5,2562,27,27/5/2019,3.231758,3.289814,3.193055,3.270462,3.270462,230778,0.012
5,2562,28,28/5/2019,3.270462,3.270462,3.173703,3.25111,3.25111,193883,-0.006
5,2562,29,29/5/2019,3.25111,3.25111,3.173703,3.25111,3.25111,243129,0.000
5,2562,30,30/5/2019,3.25111,3.270462,3.193055,3.25111,3.25111,32761,0.000
5,2562,31,31/5/2019,3.25111,3.25111,3.134999,3.25111,3.25111,293046,0.000
6,2562,4,4/6/2019,3.193055,3.193055,3.057592,3.154351,3.154351,261163,-0.012
6,2562,5,5/6/2019,3.173703,3.193055,2.980184,3.057592,3.057592,630844,-0.037
6,2562,6,6/6/2019,3.096295,3.193055,2.980184,3.03824,3.03824,265556,-0.019
6,2562,7,7/6/2019,3.096295,3.096295,3.018888,3.057592,3.057592,175073,-0.013
6,2562,10,10/6/2019,3.076943,3.096295,3.03824,3.076943,3.076943,103555,0.000
6,2562,11,11/6/2019,3.096295,3.134999,3.057592,3.096295,3.096295,146290,0.000
6,2562,12,12/6/2019,3.115647,3.154351,3.096295,3.115647,3.115647,84281,0.000
6,2562,13,13/6/2019,3.115647,3.154351,3.096295,3.154351,3.154351,90378,0.012
6,2562,14,14/6/2019,3.173703,3.212406,3.154351,3.212406,3.212406,141795,0.012
6,2562,17,17/6/2019,3.25111,3.347869,3.25111,3.347869,3.347869,352627,0.030
6,2562,18,18/6/2019,3.386573,3.947777,3.367221,3.870369,3.870369,5302439,0.143
6,2562,19,19/6/2019,3.870369,3.870369,3.46398,3.541388,3.541388,1877443,-0.085
6,2562,20,20/6/2019,3.483332,3.618795,3.483332,3.580091,3.580091,351439,0.028
6,2562,21,21/6/2019,3.618795,3.696203,3.599443,3.638147,3.638147,365288,0.005
6,2562,24,24/6/2019,3.657499,3.657499,3.56074,3.599443,3.599443,211762,-0.016
6,2562,25,25/6/2019,3.599443,3.599443,3.483332,3.541388,3.541388,666964,-0.016
6,2562,26,26/6/2019,3.56074,3.580091,3.444629,3.522036,3.522036,424455,-0.011
6,2562,27,27/6/2019,3.618795,3.638147,3.483332,3.522036,3.522036,288189,-0.027
6,2562,28,28/6/2019,3.580091,3.580091,3.483332,3.541388,3.541388,254704,-0.011
7,2562,1,1/7/2019,3.541388,3.56074,3.483332,3.56074,3.56074,416290,0.006
7,2562,2,2/7/2019,3.56074,3.696203,3.541388,3.638147,3.638147,283693,0.022
7,2562,3,3/7/2019,3.638147,3.754258,3.599443,3.754258,3.754258,400065,0.032
7,2562,4,4/7/2019,3.77361,4.179999,3.754258,4.063888,4.063888,4466550,0.077
7,2562,5,5/7/2019,4.063888,4.218702,3.870369,4.063888,4.063888,1066513,0.000
7,2562,8,8/7/2019,4.063888,4.605739,4.063888,4.605739,4.605739,3200056,0.133
7,2562,9,9/7/2019,4.799258,5.03148,4.179999,4.644443,4.644443,7421306,-0.032
7,2562,10,10/7/2019,4.837962,4.954073,4.218702,4.489628,4.489628,4058165,-0.072
7,2562,11,11/7/2019,4.489628,4.644443,4.412221,4.528332,4.528332,1026413,0.009
7,2562,12,12/7/2019,4.528332,4.683147,4.450925,4.605739,4.605739,1252903,0.017
7,2562,15,15/7/2019,4.528332,4.644443,4.489628,4.528332,4.528332,757240,0.000
7,2562,17,17/7/2019,4.567036,4.605739,4.489628,4.567036,4.567036,446934,0.000
7,2562,18,18/7/2019,4.644443,4.760554,4.567036,4.760554,4.760554,1157098,0.025
7,2562,19,19/7/2019,4.915369,4.954073,4.760554,4.915369,4.915369,1830264,0.000
7,2562,22,22/7/2019,5.03148,5.070184,4.760554,4.954073,4.954073,1913615,-0.015
7,2562,23,23/7/2019,4.837962,4.915369,4.567036,4.683147,4.683147,1244273,-0.032
7,2562,24,24/7/2019,4.683147,4.799258,4.450925,4.799258,4.799258,1389324,0.025
7,2562,25,25/7/2019,4.915369,5.263702,4.915369,5.263702,5.263702,5540297,0.071
7,2562,26,26/7/2019,5.224999,5.418517,4.837962,4.992776,4.992776,3749667,-0.044
7,2562,30,30/7/2019,4.915369,4.915369,4.489628,4.837962,4.837962,1950924,-0.016
7,2562,31,31/7/2019,4.683147,4.837962,4.683147,4.837962,4.837962,576482,0.033
8,2562,1,1/8/2019,4.837962,4.876665,4.683147,4.721851,4.721851,998147,-0.024
8,2562,2,2/8/2019,4.721851,4.721851,4.489628,4.644443,4.644443,946937,-0.016
8,2562,5,5/8/2019,4.644443,4.644443,4.528332,4.605739,4.605739,495869,-0.008
8,2562,6,6/8/2019,4.605739,4.605739,4.489628,4.605739,4.605739,689753,0.000
8,2562,7,7/8/2019,4.605739,4.605739,4.412221,4.450925,4.450925,1162731,-0.034
8,2562,8,8/8/2019,4.567036,4.567036,4.334814,4.412221,4.412221,737035,-0.034
8,2562,9,9/8/2019,4.412221,4.450925,4.334814,4.373517,4.373517,408229,-0.009
8,2562,13,13/8/2019,4.412221,4.412221,4.373517,4.412221,4.412221,148771,0.000
8,2562,14,14/8/2019,4.489628,4.489628,4.373517,4.450925,4.450925,190162,-0.009
8,2562,15,15/8/2019,4.489628,4.489628,4.257406,4.334814,4.334814,811808,-0.035
8,2562,16,16/8/2019,4.373517,4.450925,4.29611,4.373517,4.373517,405284,0.000
8,2562,19,19/8/2019,4.450925,4.644443,4.450925,4.644443,4.644443,586042,0.044
8,2562,20,20/8/2019,4.683147,4.721851,4.605739,4.644443,4.644443,348803,-0.008
8,2562,21,21/8/2019,4.644443,4.721851,4.528332,4.644443,4.644443,356555,0.000
8,2562,22,22/8/2019,4.644443,4.683147,4.567036,4.605739,4.605739,140193,-0.008
8,2562,23,23/8/2019,4.605739,4.644443,4.489628,4.605739,4.605739,352524,0.000
8,2562,26,26/8/2019,4.605739,4.605739,4.528332,4.567036,4.567036,205303,-0.008
8,2562,27,27/8/2019,4.644443,4.644443,4.605739,4.605739,4.605739,297801,-0.008
8,2562,28,28/8/2019,4.644443,4.683147,4.528332,4.567036,4.567036,330924,-0.017
8,2562,29,29/8/2019,4.605739,4.605739,4.489628,4.567036,4.567036,227678,-0.008
8,2562,30,30/8/2019,4.605739,4.760554,4.567036,4.644443,4.644443,724530,0.008
9,2562,2,2/9/2019,4.721851,4.721851,4.489628,4.567036,4.567036,633996,-0.033
9,2562,3,3/9/2019,4.605739,4.644443,4.450925,4.528332,4.528332,1094934,-0.017
9,2562,4,4/9/2019,4.528332,4.528332,4.412221,4.489628,4.489628,291651,-0.009
9,2562,5,5/9/2019,4.528332,4.528332,4.025184,4.257406,4.257406,1845198,-0.060
9,2562,6,6/9/2019,4.257406,4.373517,4.141295,4.257406,4.257406,615496,0.000
9,2562,9,9/9/2019,4.412221,4.644443,4.412221,4.644443,4.644443,1231975,0.053
9,2562,10,10/9/2019,4,4,3.74,4,4,2228450,0.000
9,2562,11,11/9/2019,4,4,3.88,3.98,3.98,875600,-0.005
9,2562,12,12/9/2019,3.98,3.98,3.92,3.96,3.96,910950,-0.005
9,2562,13,13/9/2019,3.96,3.98,3.92,3.96,3.96,844300,0.000
9,2562,16,16/9/2019,3.98,4,3.92,4,4,733050,0.005
9,2562,17,17/9/2019,4.04,4.16,4,4.04,4.04,828600,0.000
9,2562,18,18/9/2019,4.04,4.04,3.94,4,4,635250,-0.010
9,2562,19,19/9/2019,4,4,3.96,4,4,382000,0.000
9,2562,20,20/9/2019,4,4,3.88,3.96,3.96,1019100,-0.010
9,2562,23,23/9/2019,3.96,4,3.92,3.96,3.96,427700,0.000
9,2562,24,24/9/2019,3.96,4,3.96,4,4,690500,0.010
9,2562,25,25/9/2019,4.04,4.04,3.98,4.04,4.04,1437200,0.000
9,2562,26,26/9/2019,4.08,4.32,4.08,4.24,4.24,1589200,0.039
9,2562,27,27/9/2019,4.28,4.28,4.04,4.12,4.12,948900,-0.037
9,2562,30,30/9/2019,4.12,4.12,4.04,4.08,4.08,433100,-0.010
10,2562,1,1/10/2019,4.08,4.08,3.94,4,4,1139300,-0.020
10,2562,2,2/10/2019,4,4,3.96,4,4,625600,0.000
10,2562,3,3/10/2019,4,4.04,3.96,4,4,435050,0.000
10,2562,4,4/10/2019,4,4,3.8,3.88,3.88,1916450,-0.030
10,2562,7,7/10/2019,3.7,3.7,3.26,3.52,3.52,18789700,-0.049
10,2562,8,8/10/2019,3.52,3.56,3.48,3.5,3.5,1197900,-0.006
10,2562,9,9/10/2019,3.5,3.52,3.48,3.48,3.48,910500,-0.006
10,2562,10,10/10/2019,3.5,3.5,3.44,3.48,3.48,520000,-0.006
10,2562,11,11/10/2019,3.48,3.48,3.4,3.4,3.4,808550,-0.023
10,2562,15,15/10/2019,3.4,3.44,3.4,3.44,3.44,1806300,0.012
10,2562,16,16/10/2019,3.44,3.46,3.42,3.42,3.42,2021700,-0.006
10,2562,17,17/10/2019,3.44,3.46,3.42,3.44,3.44,1323450,0.000
10,2562,18,18/10/2019,3.46,3.46,3.4,3.42,3.42,1044750,-0.012
10,2562,21,21/10/2019,3.44,3.44,3.38,3.4,3.4,1468550,-0.012
10,2562,22,22/10/2019,3.42,3.42,3.4,3.42,3.42,396600,0.000
10,2562,24,24/10/2019,3.44,3.44,3.4,3.42,3.42,482000,-0.006
10,2562,25,25/10/2019,3.42,3.44,3.34,3.38,3.38,1026500,-0.012
10,2562,28,28/10/2019,3.38,3.4,3.36,3.4,3.4,502500,0.006
10,2562,29,29/10/2019,3.4,3.44,3.38,3.44,3.44,611200,0.012
10,2562,30,30/10/2019,3.44,3.46,3.42,3.46,3.46,1002750,0.006
10,2562,31,31/10/2019,3.46,3.62,3.44,3.58,3.58,1694400,0.035
11,2562,1,1/11/2019,3.6,3.6,3.52,3.6,3.6,1179600,0.000
11,2562,4,4/11/2019,3.62,3.82,3.6,3.78,3.78,2716450,0.044
11,2562,5,5/11/2019,3.8,3.9,3.78,3.9,3.9,1551800,0.026
11,2562,6,6/11/2019,3.9,4.04,3.88,4,4,3023200,0.026
11,2562,7,7/11/2019,3.98,4.04,3.94,3.98,3.98,344750,0.000
11,2562,8,8/11/2019,4,4.16,4,4.04,4.04,1763600,0.010
11,2562,11,11/11/2019,4.08,4.12,4,4.04,4.04,757400,-0.010
11,2562,12,12/11/2019,4.04,4.16,4,4.12,4.12,1116450,0.020
11,2562,13,13/11/2019,4.12,4.12,3.94,3.94,3.94,1298400,-0.044
11,2562,14,14/11/2019,3.96,3.96,3.66,3.88,3.88,4285000,-0.020
11,2562,15,15/11/2019,3.9,4.08,3.9,3.92,3.92,1410600,0.005
11,2562,18,18/11/2019,3.92,3.94,3.86,3.9,3.9,371400,-0.005
11,2562,19,19/11/2019,4,4.12,3.98,4.12,4.12,1070650,0.030
11,2562,20,20/11/2019,4.28,4.32,4.04,4.08,4.08,4574700,-0.047
11,2562,21,21/11/2019,4.12,4.12,4,4.04,4.04,754450,-0.019
11,2562,22,22/11/2019,4.04,4.08,3.92,4.08,4.08,1854800,0.010
11,2562,25,25/11/2019,4.08,4.08,3.96,4.04,4.04,506750,-0.010
11,2562,26,26/11/2019,4.04,4.12,3.92,3.98,3.98,1327900,-0.015
11,2562,27,27/11/2019,4,4,3.88,3.92,3.92,1618350,-0.020
11,2562,28,28/11/2019,3.94,4,3.9,3.92,3.92,968500,-0.005
11,2562,29,29/11/2019,3.96,3.96,3.86,3.9,3.9,1162700,-0.015
12,2562,2,2/12/2019,3.92,3.92,3.84,3.88,3.88,957950,-0.010
12,2562,3,3/12/2019,3.9,3.98,3.9,3.94,3.94,112800,0.010
12,2562,4,4/12/2019,3.96,3.96,3.86,3.9,3.9,366400,-0.015
12,2562,6,6/12/2019,3.92,3.96,3.9,3.94,3.94,231100,0.005
12,2562,9,9/12/2019,4.04,4.04,3.92,3.98,3.98,1131450,-0.015
12,2562,11,11/12/2019,3.98,3.98,3.92,3.92,3.92,266200,-0.015
12,2562,12,12/12/2019,3.98,4,3.96,3.98,3.98,126000,0.000
12,2562,13,13/12/2019,4,4,3.96,3.96,3.96,221550,-0.010
12,2562,16,16/12/2019,4,4,3.92,3.94,3.94,279900,-0.015
12,2562,17,17/12/2019,3.96,3.96,3.92,3.94,3.94,236950,-0.005
12,2562,18,18/12/2019,3.96,3.98,3.94,3.96,3.96,264600,0.000
12,2562,19,19/12/2019,3.98,3.98,3.94,3.94,3.94,134200,-0.010
12,2562,20,20/12/2019,3.94,4,3.92,3.94,3.94,298900,0.000
12,2562,23,23/12/2019,3.96,3.98,3.96,3.96,3.96,313150,0.000
12,2562,24,24/12/2019,3.98,4,3.96,3.96,3.96,293400,-0.005
12,2562,25,25/12/2019,3.96,3.98,3.96,3.96,3.96,224950,0.000
12,2562,26,26/12/2019,3.98,3.98,3.96,3.98,3.98,342150,0.000
12,2562,27,27/12/2019,4.04,4.12,3.98,4.04,4.04,1602850,0.000
12,2562,30,30/12/2019,4.08,4.28,4.08,4.24,4.24,3515750,0.039
1,2563,2,2/1/2020,4.24,4.32,4.12,4.24,4.24,2064000,0.000
1,2563,3,3/1/2020,4.2,4.36,4.2,4.36,4.36,2190550,0.038
1,2563,6,6/1/2020,4.28,4.36,4.08,4.12,4.12,3090000,-0.037
1,2563,7,7/1/2020,4.16,4.2,4.12,4.2,4.2,449600,0.010
1,2563,8,8/1/2020,4.16,4.2,4.12,4.16,4.16,915200,0.000
1,2563,9,9/1/2020,4.24,4.48,4.2,4.48,4.48,5685300,0.057
1,2563,10,10/1/2020,4.52,4.52,4.4,4.52,4.52,2098950,0.000
1,2563,13,13/1/2020,4.52,4.64,4.44,4.64,4.64,2986250,0.027
1,2563,14,14/1/2020,4.64,4.68,4.32,4.48,4.48,3712450,-0.035
1,2563,15,15/1/2020,4.48,4.52,4.4,4.44,4.44,929900,-0.009
1,2563,16,16/1/2020,4.44,4.56,4.44,4.48,4.48,975000,0.009
1,2563,17,17/1/2020,4.52,4.6,4.48,4.52,4.52,688550,0.000
1,2563,20,20/1/2020,4.56,4.56,4.4,4.44,4.44,1026250,-0.026
1,2563,21,21/1/2020,4.44,4.48,4.32,4.4,4.4,1657200,-0.009
1,2563,22,22/1/2020,4.44,4.52,4.36,4.52,4.52,516500,0.018
1,2563,23,23/1/2020,4.48,4.52,4.44,4.48,4.48,545350,0.000
1,2563,24,24/1/2020,4.48,4.48,4.36,4.48,4.48,910450,0.000
1,2563,27,27/1/2020,4.44,4.44,4.32,4.4,4.4,1075050,-0.009
1,2563,28,28/1/2020,4.4,4.44,4.32,4.32,4.32,750600,-0.018
1,2563,29,29/1/2020,4.36,4.48,4.16,4.36,4.36,2386550,0.000
1,2563,30,30/1/2020,4.36,4.44,4.32,4.36,4.36,786850,0.000
1,2563,31,31/1/2020,4.36,4.44,4.32,4.32,4.32,349600,-0.009
2,2563,3,3/2/2020,4.36,4.4,4.28,4.28,4.28,726800,-0.018
2,2563,4,4/2/2020,4.32,4.32,4.2,4.28,4.28,886600,-0.009
2,2563,5,5/2/2020,4.28,4.32,4.24,4.28,4.28,594350,0.000
2,2563,6,6/2/2020,4.28,4.4,4.28,4.4,4.4,829900,0.028
2,2563,7,7/2/2020,4.44,4.48,4.4,4.4,4.4,497700,-0.009
2,2563,11,11/2/2020,4.4,4.44,4.28,4.28,4.28,505000,-0.027
2,2563,12,12/2/2020,4.36,4.6,4.32,4.52,4.52,3858500,0.037
2,2563,13,13/2/2020,4.52,4.56,4.44,4.52,4.52,1280050,0.000
2,2563,14,14/2/2020,4.52,4.52,4.32,4.36,4.36,1652350,-0.035
2,2563,17,17/2/2020,4.4,4.44,4.36,4.4,4.4,396150,0.000
2,2563,18,18/2/2020,4.44,4.44,4.32,4.4,4.4,291800,-0.009
2,2563,19,19/2/2020,4.36,4.44,4.32,4.4,4.4,479400,0.009
2,2563,20,20/2/2020,4.36,4.4,4.32,4.36,4.36,235250,0.000
2,2563,21,21/2/2020,4.36,4.4,4.32,4.4,4.4,207800,0.009
2,2563,24,24/2/2020,4.36,4.36,4.2,4.28,4.28,1347800,-0.018
2,2563,25,25/2/2020,4.28,4.32,4.16,4.28,4.28,997850,0.000
2,2563,26,26/2/2020,4.28,4.28,3.94,4,4,1033600,-0.065
2,2563,27,27/2/2020,3.96,4.08,3.96,4.04,4.04,870950,0.020
2,2563,28,28/2/2020,4.04,4.04,3.96,4.04,4.04,274500,0.000
3,2563,2,2/3/2020,4.08,4.12,3.92,4.04,4.04,777900,-0.010
3,2563,3,3/3/2020,4.08,4.12,4,4.08,4.08,355400,0.000
3,2563,4,4/3/2020,4.04,4.08,4,4.04,4.04,180200,0.000
3,2563,5,5/3/2020,4.12,4.2,4,4.04,4.04,610150,-0.019
3,2563,6,6/3/2020,4.08,4.08,4,4,4,88200,-0.020
3,2563,9,9/3/2020,4,4,3.86,3.96,3.96,505450,-0.010
3,2563,10,10/3/2020,3.98,4,3.96,4,4,265950,0.005
3,2563,11,11/3/2020,4,4.04,3.94,3.98,3.98,265900,-0.005
3,2563,12,12/3/2020,3.98,3.98,3.8,3.9,3.9,462450,-0.020
3,2563,13,13/3/2020,3.78,3.9,3.72,3.88,3.88,757350,0.027
3,2563,16,16/3/2020,3.86,3.96,3.6,3.6,3.6,328100,-0.067
3,2563,17,17/3/2020,3.66,3.72,3.52,3.52,3.52,443600,-0.038
3,2563,18,18/3/2020,3.56,3.8,3.52,3.8,3.8,654000,0.067
3,2563,19,19/3/2020,3.8,3.8,3.64,3.74,3.74,571700,-0.016
3,2563,20,20/3/2020,3.8,3.94,3.76,3.92,3.92,672950,0.032
3,2563,23,23/3/2020,3.82,3.82,3.7,3.74,3.74,231550,-0.021
3,2563,24,24/3/2020,3.76,3.8,3.58,3.68,3.68,678700,-0.021
3,2563,25,25/3/2020,3.72,3.74,3.66,3.7,3.7,436000,-0.005
3,2563,26,26/3/2020,3.74,3.74,3.66,3.72,3.72,271600,-0.005
3,2563,27,27/3/2020,3.74,3.76,3.68,3.7,3.7,272800,-0.011
3,2563,30,30/3/2020,3.64,3.64,3.64,3.64,3.64,5000,0.000
3,2563,31,31/3/2020,3.68,3.7,3.58,3.64,3.64,237400,-0.011
4,2563,1,1/4/2020,3.64,3.66,3.54,3.64,3.64,164750,0.000
4,2563,2,2/4/2020,3.66,3.72,3.6,3.64,3.64,812200,-0.006
4,2563,3,3/4/2020,3.66,3.72,3.64,3.7,3.7,103650,0.011
4,2563,7,7/4/2020,3.72,3.78,3.66,3.74,3.74,215800,0.005
4,2563,8,8/4/2020,3.74,3.84,3.74,3.78,3.78,300250,0.011
4,2563,9,9/4/2020,3.82,3.84,3.74,3.74,3.74,475850,-0.021
4,2563,10,10/4/2020,3.76,3.8,3.68,3.72,3.72,664300,-0.011
4,2563,13,13/4/2020,3.74,3.76,3.66,3.72,3.72,465500,-0.005
4,2563,14,14/4/2020,3.76,3.76,3.66,3.72,3.72,388250,-0.011
4,2563,15,15/4/2020,3.9,4.24,3.9,4.24,4.24,8475000,0.087
4,2563,16,16/4/2020,4.6,4.64,4.32,4.64,4.64,11412200,0.009
4,2563,17,17/4/2020,4.64,4.64,4.28,4.36,4.36,7122750,-0.060
4,2563,20,20/4/2020,4.4,4.44,4.32,4.4,4.4,1958700,0.000
4,2563,21,21/4/2020,4.4,4.56,4.32,4.44,4.44,3298050,0.009
4,2563,22,22/4/2020,4.44,4.44,4.32,4.4,4.4,1389550,-0.009
4,2563,23,23/4/2020,4.4,4.52,4.36,4.4,4.4,1384650,0.000
4,2563,24,24/4/2020,4.44,4.48,4.36,4.4,4.4,1247100,-0.009
4,2563,27,27/4/2020,4.44,4.84,4.4,4.44,4.44,8113750,0.000
4,2563,28,28/4/2020,4.44,4.48,4.36,4.4,4.4,1292500,-0.009
4,2563,29,29/4/2020,4.4,4.48,4.36,4.4,4.4,705400,0.000
4,2563,30,30/4/2020,4.44,4.48,4.32,4.36,4.36,1346300,-0.018
5,2563,5,5/5/2020,4.4,4.52,4.4,4.48,4.48,1416900,0.018
5,2563,7,7/5/2020,4.52,4.52,4.44,4.48,4.48,1606700,-0.009
5,2563,8,8/5/2020,4.52,4.6,4.44,4.44,4.44,2107950,-0.018
5,2563,11,11/5/2020,4.64,4.68,4.52,4.64,4.64,7708500,0.000
5,2563,12,12/5/2020,4.8,4.84,4.56,4.64,4.64,9258700,-0.033
5,2563,13,13/5/2020,4.68,4.68,4.44,4.48,4.48,3975750,-0.043
5,2563,14,14/5/2020,4.44,4.6,4.44,4.52,4.52,1537400,0.018
5,2563,15,15/5/2020,4.56,4.6,4.52,4.56,4.56,1090150,0.000
5,2563,18,18/5/2020,4.6,4.6,4.44,4.44,4.44,1494500,-0.035
5,2563,19,19/5/2020,4.56,4.56,4.44,4.48,4.48,1610100,-0.018
5,2563,20,20/5/2020,4.48,4.6,4.44,4.48,4.48,1197700,0.000
5,2563,21,21/5/2020,4.52,4.56,4.48,4.52,4.52,1390900,0.000
5,2563,22,22/5/2020,4.52,4.68,4.48,4.6,4.6,7622600,0.018
5,2563,25,25/5/2020,4.72,5,4.64,4.92,4.92,29208750,0.042
5,2563,26,26/5/2020,5.04,5.08,4.84,4.88,4.88,15329150,-0.032
5,2563,27,27/5/2020,4.92,4.92,4.72,4.76,4.76,6757650,-0.033
5,2563,28,28/5/2020,4.76,4.8,4.2,4.56,4.56,10573050,-0.042
5,2563,29,29/5/2020,3.88,4.24,3.88,4,4,184953100,0.031
6,2563,1,1/6/2020,4.2,4.32,4.08,4.16,4.16,41917700,-0.010
6,2563,2,2/6/2020,4.2,4.24,4.12,4.12,4.12,12252600,-0.019
6,2563,4,4/6/2020,4.16,4.2,4.04,4.16,4.16,14616300,0.000
6,2563,5,5/6/2020,4.2,4.2,4.12,4.12,4.12,9045550,-0.019
6,2563,8,8/6/2020,4.12,4.16,4.08,4.12,4.12,8398600,0.000
6,2563,9,9/6/2020,4.12,4.12,4,4,4,11117700,-0.029
6,2563,10,10/6/2020,4.04,4.08,4,4,4,4017850,-0.010
6,2563,11,11/6/2020,4,4.08,4,4.04,4.04,3874650,0.010
6,2563,12,12/6/2020,4,4.04,3.96,4.04,4.04,8370550,0.010
6,2563,15,15/6/2020,4.12,4.32,4.12,4.32,4.32,54015850,0.049
6,2563,16,16/6/2020,4.44,4.56,4.16,4.16,4.16,58707650,-0.063
6,2563,17,17/6/2020,4.24,4.32,4.16,4.28,4.28,11539950,0.009
6,2563,18,18/6/2020,4.28,4.44,4.28,4.36,4.36,20114600,0.019
6,2563,19,19/6/2020,4.4,4.4,4.28,4.32,4.32,9953100,-0.018
6,2563,22,22/6/2020,4.32,4.32,4.2,4.24,4.24,10114250,-0.019
6,2563,23,23/6/2020,4.24,4.28,4.2,4.24,4.24,7276400,0.000
6,2563,24,24/6/2020,4.28,4.32,4.16,4.16,4.16,9665300,-0.028
6,2563,25,25/6/2020,4.12,4.2,4.08,4.12,4.12,9586550,0.000
6,2563,26,26/6/2020,4.16,4.32,4.08,4.12,4.12,17823650,-0.010
6,2563,29,29/6/2020,4.08,4.16,4.04,4.16,4.16,4380300,0.020
6,2563,30,30/6/2020,4.2,4.2,4.08,4.08,4.08,12800000,-0.029
7,2563,1,1/7/2020,4.12,4.16,4.08,4.08,4.08,5727600,-0.010
7,2563,2,2/7/2020,4.08,4.16,4.08,4.12,4.12,8629950,0.010
7,2563,3,3/7/2020,4.16,4.32,4.12,4.28,4.28,42585750,0.029
7,2563,7,7/7/2020,4.36,4.36,4.24,4.28,4.28,16910500,-0.018
7,2563,8,8/7/2020,4.24,4.28,4.2,4.2,4.2,10748650,-0.009
7,2563,9,9/7/2020,4.24,4.28,4.2,4.24,4.24,4008350,0.000
7,2563,10,10/7/2020,4.24,4.36,4.2,4.36,4.36,20698350,0.028
7,2563,13,13/7/2020,4.36,4.4,4.16,4.16,4.16,21381100,-0.046
7,2563,14,14/7/2020,4.2,4.24,4.16,4.24,4.24,4296450,0.010
7,2563,15,15/7/2020,4.28,4.32,4.24,4.24,4.24,3299150,-0.009
7,2563,16,16/7/2020,4.28,4.48,4.24,4.4,4.4,48389450,0.028
7,2563,17,17/7/2020,4.4,4.44,4.32,4.36,4.36,18027050,-0.009
7,2563,20,20/7/2020,4.36,4.4,4.28,4.36,4.36,5082450,0.000
7,2563,21,21/7/2020,4.36,4.4,4.32,4.32,4.32,3985500,-0.009
7,2563,22,22/7/2020,4.36,4.44,4.32,4.36,4.36,12942350,0.000
7,2563,23,23/7/2020,4.36,4.4,4.32,4.4,4.4,11288500,0.009
7,2563,24,24/7/2020,4.44,4.56,4.4,4.48,4.48,42120450,0.009
7,2563,29,29/7/2020,4.48,4.52,4.4,4.4,4.4,12591300,-0.018
7,2563,30,30/7/2020,4.48,4.52,4.32,4.36,4.36,23900400,-0.027
7,2563,31,31/7/2020,4.4,4.44,4.32,4.4,4.4,7096000,0.000
8,2563,3,3/8/2020,4.4,4.52,4.36,4.52,4.52,10108550,0.027
8,2563,4,4/8/2020,4.56,4.6,4.4,4.4,4.4,31970550,-0.035
8,2563,5,5/8/2020,4.56,4.56,4.4,4.4,4.4,25057200,-0.035
8,2563,6,6/8/2020,4.4,4.44,4.32,4.36,4.36,10604050,-0.009
8,2563,7,7/8/2020,4.36,4.36,4.2,4.24,4.24,21340950,-0.028
8,2563,10,10/8/2020,4.28,4.32,4.24,4.24,4.24,3283700,-0.009
8,2563,11,11/8/2020,4.32,4.32,4.24,4.24,4.24,6477050,-0.019
8,2563,13,13/8/2020,4.28,4.32,4.16,4.2,4.2,9211900,-0.019
8,2563,14,14/8/2020,4.24,4.24,4.12,4.16,4.16,7030800,-0.019
8,2563,17,17/8/2020,4.16,4.2,4.04,4.08,4.08,8294850,-0.019
8,2563,18,18/8/2020,4.12,4.12,4.04,4.12,4.12,3225350,0.000
8,2563,19,19/8/2020,4.12,4.2,4.04,4.12,4.12,4356000,0.000
8,2563,20,20/8/2020,4.08,4.08,3.98,4.04,4.04,8875800,-0.010
8,2563,21,21/8/2020,4.04,4.12,4,4.08,4.08,2665600,0.010
8,2563,24,24/8/2020,4.08,4.16,4.04,4.12,4.12,3744050,0.010
8,2563,25,25/8/2020,4.2,4.2,4.08,4.16,4.16,8906750,-0.010
8,2563,26,26/8/2020,4.12,4.16,4.08,4.12,4.12,2304550,0.000
8,2563,27,27/8/2020,4.12,4.2,4.08,4.12,4.12,2448750,0.000
8,2563,28,28/8/2020,4.16,4.2,4.12,4.12,4.12,2544500,-0.010
8,2563,31,31/8/2020,4.16,4.16,4.08,4.12,4.12,2032350,-0.010
9,2563,1,1/9/2020,4.12,4.16,4.08,4.12,4.12,1885350,0.000
9,2563,2,2/9/2020,4.16,4.24,4.12,4.24,4.24,7770350,0.019
9,2563,3,3/9/2020,4.24,4.24,4.16,4.16,4.16,2155550,-0.019
9,2563,8,8/9/2020,4.2,4.2,4.08,4.08,4.08,2408200,-0.029
9,2563,9,9/9/2020,4.08,4.12,4.04,4.12,4.12,1697300,0.010
9,2563,10,10/9/2020,4.16,4.16,4.08,4.08,4.08,1489900,-0.019
9,2563,11,11/9/2020,4.08,4.12,4.04,4.04,4.04,1321350,-0.010
9,2563,14,14/9/2020,4.04,4.08,3.96,4,4,9123400,-0.010
9,2563,15,15/9/2020,4,4.08,4,4.08,4.08,4279700,0.020
9,2563,16,16/9/2020,4.08,4.12,4.04,4.04,4.04,2231200,-0.010
9,2563,17,17/9/2020,4.08,4.12,4,4,4,1959800,-0.020
9,2563,18,18/9/2020,4.04,4.08,4,4.08,4.08,2079550,0.010
9,2563,21,21/9/2020,4.08,4.12,4.04,4.04,4.04,1122200,-0.010
9,2563,22,22/9/2020,4.08,4.12,4.04,4.04,4.04,1932300,-0.010
9,2563,23,23/9/2020,4.08,4.12,4.04,4.08,4.08,2015000,0.000
9,2563,24,24/9/2020,4.08,4.12,4.04,4.08,4.08,2219500,0.000
9,2563,25,25/9/2020,4.12,4.2,4.12,4.16,4.16,5991350,0.010
9,2563,28,28/9/2020,4.2,4.2,4.12,4.16,4.16,1964550,-0.010
9,2563,29,29/9/2020,4.2,4.24,4.2,4.2,4.2,4056800,0.000
9,2563,30,30/9/2020,4.2,4.2,4.12,4.16,4.16,3824700,-0.010
10,2563,1,1/10/2020,4.16,4.2,4.12,4.16,4.16,1337450,0.000
10,2563,2,2/10/2020,4.16,4.16,4.12,4.16,4.16,426250,0.000
10,2563,5,5/10/2020,4.2,4.2,4.12,4.16,4.16,611700,-0.010
10,2563,6,6/10/2020,4.16,4.2,4.12,4.16,4.16,1060700,0.000
10,2563,7,7/10/2020,4.16,4.16,4.08,4.12,4.12,2065100,-0.010
10,2563,8,8/10/2020,4.12,4.16,4.08,4.12,4.12,860200,0.000
10,2563,9,9/10/2020,4.12,4.16,4.08,4.08,4.08,721150,-0.010
10,2563,12,12/10/2020,4.12,4.12,4.04,4.04,4.04,1365600,-0.019
10,2563,14,14/10/2020,4.04,4.12,4.04,4.08,4.08,1076600,0.010
10,2563,15,15/10/2020,4.08,4.08,4,4.04,4.04,1380350,-0.010
10,2563,16,16/10/2020,4.04,4.08,4,4,4,1257600,-0.010
10,2563,19,19/10/2020,4.04,4.04,3.92,3.92,3.92,5595550,-0.030
10,2563,20,20/10/2020,3.92,4,3.92,3.94,3.94,2179300,0.005
10,2563,21,21/10/2020,3.98,4,3.94,3.98,3.98,1307950,0.000
10,2563,22,22/10/2020,4,4,3.92,3.94,3.94,1881200,-0.015
10,2563,26,26/10/2020,3.94,3.98,3.86,3.9,3.9,4969650,-0.010
10,2563,27,27/10/2020,3.92,3.96,3.76,3.84,3.84,9769000,-0.020
10,2563,28,28/10/2020,3.2,3.24,2.94,3,3,275470750,-0.063
10,2563,29,29/10/2020,3,3,2.84,2.84,2.84,177838300,-0.053
10,2563,30,30/10/2020,3,3.1,2.96,3.08,3.08,315489700,0.027
11,2563,2,2/11/2020,3.1,3.42,3.08,3.32,3.32,395198950,0.071
11,2563,3,3/11/2020,3.34,3.44,3.28,3.3,3.3,279640000,-0.012
11,2563,4,4/11/2020,3.32,3.4,3.26,3.32,3.32,97780950,0.000
11,2563,5,5/11/2020,3.34,3.36,3.28,3.32,3.32,70308200,-0.006
11,2563,6,6/11/2020,3.54,3.62,3.46,3.54,3.54,225171000,0.000
11,2563,9,9/11/2020,3.62,3.68,3.56,3.6,3.6,133309500,-0.006
11,2563,10,10/11/2020,3.54,3.58,3.38,3.54,3.54,111929900,0.000
11,2563,11,11/11/2020,3.58,3.82,3.5,3.82,3.82,170658100,0.067
11,2563,12,12/11/2020,3.76,3.82,3.64,3.64,3.64,170832400,-0.032
11,2563,13,13/11/2020,3.68,3.74,3.62,3.7,3.7,92332850,0.005
11,2563,16,16/11/2020,3.68,3.74,3.62,3.62,3.62,56849600,-0.016
11,2563,17,17/11/2020,3.66,3.74,3.6,3.64,3.64,82426200,-0.006
11,2563,18,18/11/2020,3.6,3.68,3.52,3.6,3.6,90617100,0.000
11,2563,19,19/11/2020,3.62,3.7,3.58,3.66,3.66,92581950,0.011
11,2563,20,20/11/2020,3.7,3.7,3.6,3.6,3.6,64186550,-0.027
11,2563,23,23/11/2020,3.66,3.66,3.58,3.58,3.58,61942250,-0.022
11,2563,24,24/11/2020,3.58,3.76,3.56,3.66,3.66,144807500,0.022
11,2563,25,25/11/2020,3.68,3.7,3.6,3.62,3.62,43027150,-0.016
11,2563,26,26/11/2020,3.64,3.68,3.6,3.64,3.64,53598800,0.000
11,2563,27,27/11/2020,3.68,3.68,3.64,3.64,3.64,22553300,-0.011
11,2563,30,30/11/2020,3.66,3.72,3.64,3.64,3.64,57312150,-0.006
12,2563,1,1/12/2020,3.66,3.68,3.64,3.64,3.64,18614900,-0.006
12,2563,2,2/12/2020,3.66,3.7,3.64,3.66,3.66,45270350,0.000
12,2563,3,3/12/2020,3.68,3.92,3.68,3.84,3.84,192904300,0.044
12,2563,4,4/12/2020,3.86,3.92,3.78,3.84,3.84,77687300,-0.005
12,2563,8,8/12/2020,3.84,3.92,3.8,3.86,3.86,94068150,0.005
12,2563,9,9/12/2020,3.92,4.12,3.9,4.12,4.12,197347900,0.051
12,2563,14,14/12/2020,4.2,4.32,4.16,4.2,4.2,104514900,0.000
12,2563,15,15/12/2020,4.2,4.44,4.2,4.44,4.44,103838750,0.057
12,2563,16,16/12/2020,4.52,4.6,4.44,4.48,4.48,107200700,-0.009
12,2563,17,17/12/2020,4.52,4.52,4.2,4.28,4.28,94681100,-0.053
12,2563,18,18/12/2020,4.28,4.68,4.28,4.68,4.68,179529300,0.094
12,2563,21,21/12/2020,4.56,4.68,4.4,4.4,4.4,149610800,-0.035
12,2563,22,22/12/2020,4.48,4.92,4.32,4.88,4.88,187616250,0.089
12,2563,23,23/12/2020,4.92,4.96,4.76,4.76,4.76,116981700,-0.033
12,2563,24,24/12/2020,4.8,4.92,4.64,4.92,4.92,84264800,0.025
12,2563,25,25/12/2020,4.96,5.4,4.92,5.16,5.16,247908400,0.040
12,2563,28,28/12/2020,5.28,5.4,4.96,5.12,5.12,178884550,-0.030
12,2563,29,29/12/2020,5.2,5.5,5.05,5.25,5.25,151442500,0.010
12,2563,30,30/12/2020,4.9,4.94,4,4.26,4.26,523821200,-0.131
1,2564,4,4/1/2021,4.18,4.46,4.16,4.36,4.36,95394600,0.043
1,2564,5,5/1/2021,4.38,4.66,4.38,4.64,4.64,122496000,0.059
1,2564,6,6/1/2021,4.7,4.76,4.48,4.5,4.5,114627900,-0.043
1,2564,7,7/1/2021,4.56,4.84,4.56,4.76,4.76,116782000,0.044
1,2564,8,8/1/2021,4.76,4.78,4.62,4.62,4.62,64965200,-0.029
1,2564,11,11/1/2021,4.7,4.94,4.68,4.9,4.9,189909600,0.043
1,2564,12,12/1/2021,4.9,5.05,4.9,4.98,4.98,90602700,0.016
1,2564,13,13/1/2021,5.05,5.05,4.9,5,5,83442800,-0.010
1,2564,14,14/1/2021,5,5,4.66,4.74,4.74,181339700,-0.052
1,2564,15,15/1/2021,4.68,4.8,4.56,4.66,4.66,103939400,-0.004
1,2564,18,18/1/2021,4.66,4.72,4.44,4.56,4.56,84706200,-0.022
1,2564,19,19/1/2021,4.6,4.8,4.56,4.72,4.72,102397700,0.026
1,2564,20,20/1/2021,4.74,4.74,4.62,4.72,4.72,53723200,-0.004
1,2564,21,21/1/2021,4.74,4.82,4.68,4.72,4.72,54950000,-0.004
1,2564,22,22/1/2021,4.72,4.74,4.62,4.62,4.62,26387700,-0.021
1,2564,25,25/1/2021,4.68,4.7,4.62,4.68,4.68,23659200,0.000
1,2564,26,26/1/2021,4.68,4.68,4.6,4.6,4.6,30678900,-0.017
1,2564,27,27/1/2021,4.62,4.72,4.52,4.52,4.52,45949200,-0.022
1,2564,28,28/1/2021,4.46,4.48,4.34,4.42,4.42,55436800,-0.009
1,2564,29,29/1/2021,4.52,4.52,4.4,4.42,4.42,22640400,-0.022
2,2564,1,1/2/2021,4.42,4.48,4.34,4.38,4.38,37595900,-0.009
2,2564,2,2/2/2021,4.4,4.44,4.32,4.34,4.34,34493100,-0.014
2,2564,3,3/2/2021,4.46,4.52,4.42,4.44,4.44,61045000,-0.005
2,2564,4,4/2/2021,4.44,4.5,4.38,4.38,4.38,26974200,-0.014
2,2564,5,5/2/2021,4.4,4.42,4.32,4.34,4.34,35127700,-0.014
2,2564,8,8/2/2021,4.36,4.46,4.34,4.46,4.46,45318900,0.023
2,2564,9,9/2/2021,4.5,4.58,4.46,4.48,4.48,73885800,-0.004
2,2564,10,10/2/2021,4.5,4.52,4.4,4.4,4.4,26084700,-0.022
2,2564,11,11/2/2021,4.38,4.4,4.2,4.28,4.28,53555100,-0.023
2,2564,15,15/2/2021,4.3,4.3,4.12,4.18,4.18,62699600,-0.028
2,2564,16,16/2/2021,4.24,4.36,4.22,4.3,4.3,77832200,0.014
2,2564,17,17/2/2021,4.32,4.36,4.22,4.22,4.22,47499100,-0.023
2,2564,18,18/2/2021,4.24,4.28,4.2,4.2,4.2,21646400,-0.009
2,2564,19,19/2/2021,4.2,4.26,4.18,4.22,4.22,29059600,0.005
2,2564,22,22/2/2021,4.24,4.24,4.06,4.1,4.1,31745200,-0.033
2,2564,23,23/2/2021,4.16,4.22,4.08,4.2,4.2,27027000,0.010
2,2564,24,24/2/2021,4.3,4.32,4.12,4.12,4.12,104382900,-0.042
2,2564,25,25/2/2021,4.2,4.24,4.12,4.16,4.16,57028300,-0.010
3,2564,1,1/3/2021,4.12,4.16,4,4.16,4.16,51905800,0.010
3,2564,2,2/3/2021,4.08,4.16,4.06,4.08,4.08,48607200,0.000
3,2564,3,3/3/2021,4.08,4.12,4.04,4.08,4.08,35815000,0.000
3,2564,4,4/3/2021,4.08,4.22,4.08,4.22,4.22,56370800,0.034
3,2564,5,5/3/2021,4.22,4.26,4.16,4.16,4.16,43905600,-0.014
3,2564,8,8/3/2021,4.18,4.18,4.06,4.16,4.16,41066400,-0.005
3,2564,9,9/3/2021,4.18,4.18,4.14,4.14,4.14,22941600,-0.010
3,2564,10,10/3/2021,4.16,4.42,4.14,4.42,4.42,181564800,0.063
3,2564,11,11/3/2021,4.46,4.48,4.2,4.24,4.24,181132400,-0.049
3,2564,12,12/3/2021,4.3,4.3,4.22,4.26,4.26,35117900,-0.009
3,2564,15,15/3/2021,4.26,4.28,4.16,4.2,4.2,30453700,-0.014
3,2564,16,16/3/2021,4.2,4.26,4.18,4.2,4.2,28332100,0.000
3,2564,17,17/3/2021,4.12,4.18,4.04,4.1,4.1,222258000,-0.005
3,2564,18,18/3/2021,4.18,4.28,4.14,4.18,4.18,278106300,0.000
3,2564,19,19/3/2021,4.18,4.26,4.16,4.2,4.2,101797900,0.005
3,2564,22,22/3/2021,4.2,4.22,4.14,4.18,4.18,52506800,-0.005
3,2564,23,23/3/2021,4.2,4.22,4.12,4.14,4.14,40816100,-0.014
3,2564,24,24/3/2021,4.12,4.22,4.12,4.22,4.22,59921600,0.024
3,2564,25,25/3/2021,4.26,4.28,4.18,4.18,4.18,68256200,-0.019
3,2564,26,26/3/2021,4.2,4.22,4.14,4.16,4.16,35813800,-0.010
3,2564,29,29/3/2021,4.18,4.24,4.16,4.18,4.18,61749700,0.000
3,2564,30,30/3/2021,4.2,4.2,4.14,4.16,4.16,32845300,-0.010
3,2564,31,31/3/2021,4.2,4.3,4.16,4.18,4.18,210635800,-0.005
4,2564,1,1/4/2021,4.18,4.24,4.18,4.18,4.18,44403900,0.000
4,2564,2,2/4/2021,4.2,4.22,4.16,4.18,4.18,39709200,-0.005
4,2564,5,5/4/2021,4.2,4.42,4.16,4.38,4.38,506943800,0.043
4,2564,7,7/4/2021,4.3,4.76,4.28,4.54,4.54,802429300,0.056
4,2564,8,8/4/2021,4.58,4.58,4.38,4.44,4.44,229767000,-0.031
4,2564,9,9/4/2021,4.5,4.6,4.42,4.54,4.54,196284000,0.009
4,2564,12,12/4/2021,4.52,4.56,4.4,4.4,4.4,138381800,-0.027
4,2564,16,16/4/2021,4.38,4.48,4.28,4.44,4.44,140153500,0.014
4,2564,19,19/4/2021,4.46,4.52,4.44,4.46,4.46,113232800,0.000
4,2564,20,20/4/2021,4.48,4.52,4.4,4.4,4.4,81436500,-0.018
4,2564,21,21/4/2021,4.4,4.46,4.38,4.4,4.4,61154400,0.000
4,2564,22,22/4/2021,4.44,4.54,4.4,4.48,4.48,192075300,0.009
4,2564,23,23/4/2021,4.46,4.58,4.46,4.54,4.54,265078700,0.018
4,2564,26,26/4/2021,4.54,4.56,4.48,4.48,4.48,70499600,-0.013
4,2564,27,27/4/2021,4.5,4.5,4.32,4.32,4.32,115088600,-0.040
4,2564,28,28/4/2021,4.36,4.42,4.34,4.38,4.38,72274000,0.005
4,2564,29,29/4/2021,4.38,4.44,4.34,4.36,4.36,50634000,-0.005
4,2564,30,30/4/2021,4.38,4.38,4.32,4.32,4.32,36090100,-0.014
5,2564,5,5/5/2021,4.36,4.44,4.32,4.38,4.38,106374000,0.005
5,2564,6,6/5/2021,4.42,4.54,4.4,4.46,4.46,153597700,0.009
5,2564,7,7/5/2021,4.46,4.48,4.38,4.4,4.4,64863000,-0.014
5,2564,10,10/5/2021,4.42,4.42,4.34,4.38,4.38,37940400,-0.009
5,2564,11,11/5/2021,4.36,4.44,4.34,4.38,4.38,54434600,0.005
5,2564,12,12/5/2021,4.42,4.46,4.32,4.34,4.34,91827000,-0.018
5,2564,13,13/5/2021,4.34,4.38,3.92,4.2,4.2,149929200,-0.032
5,2564,14,14/5/2021,4.24,4.26,4.1,4.18,4.18,47425800,-0.014
5,2564,17,17/5/2021,4.08,4.12,4.04,4.06,4.06,40644900,-0.005
5,2564,18,18/5/2021,4.08,4.22,4.08,4.14,4.14,75083000,0.015
5,2564,19,19/5/2021,4.16,4.24,4.12,4.12,4.12,69965200,-0.010
5,2564,20,20/5/2021,4.14,4.16,4.08,4.08,4.08,35471800,-0.015
5,2564,21,21/5/2021,4.1,4.12,4.06,4.08,4.08,23405800,-0.005
5,2564,24,24/5/2021,4.1,4.18,4.08,4.12,4.12,51811600,0.005
5,2564,25,25/5/2021,4.14,4.16,4.08,4.1,4.1,30352600,-0.010
5,2564,27,27/5/2021,4.1,4.16,4.08,4.1,4.1,46248200,0.000
5,2564,28,28/5/2021,4.12,4.14,4.08,4.08,4.08,35011400,-0.010
5,2564,31,31/5/2021,4.08,4.16,4.08,4.12,4.12,37524000,0.010
6,2564,1,1/6/2021,4.12,4.12,4.08,4.1,4.1,30207100,-0.005
6,2564,2,2/6/2021,4.12,4.18,4.1,4.1,4.1,67188400,-0.005
6,2564,4,4/6/2021,4.14,4.16,4.12,4.12,4.12,49085600,-0.005
6,2564,7,7/6/2021,4.14,4.22,4.1,4.12,4.12,120139900,-0.005
6,2564,8,8/6/2021,4.14,4.14,4.1,4.12,4.12,32572400,-0.005
6,2564,9,9/6/2021,4.12,4.14,4.1,4.12,4.12,24427600,0.000
6,2564,10,10/6/2021,4.1,4.14,4.08,4.08,4.08,52358200,-0.005
6,2564,11,11/6/2021,4.1,4.12,4.08,4.1,4.1,24661000,0.000
6,2564,14,14/6/2021,4.12,4.12,4.06,4.08,4.08,33115600,-0.010
6,2564,15,15/6/2021,4.08,4.12,4,4.02,4.02,75761600,-0.015
6,2564,16,16/6/2021,4.06,4.08,4.04,4.06,4.06,32125700,0.000
6,2564,17,17/6/2021,4.04,4.04,3.9,3.94,3.94,160343000,-0.025
6,2564,18,18/6/2021,3.94,3.94,3.76,3.8,3.8,163997900,-0.036
6,2564,21,21/6/2021,3.78,4.04,3.76,4,4,170174300,0.058
6,2564,22,22/6/2021,4.04,4.04,3.96,3.96,3.96,65155400,-0.020
6,2564,23,23/6/2021,3.98,4.02,3.84,3.86,3.86,62267300,-0.030
6,2564,24,24/6/2021,3.86,3.86,3.78,3.84,3.84,48556200,-0.005
6,2564,25,25/6/2021,3.84,3.86,3.78,3.8,3.8,25059200,-0.010
6,2564,28,28/6/2021,3.76,3.78,3.68,3.72,3.72,29366300,-0.011
6,2564,29,29/6/2021,3.72,3.8,3.7,3.74,3.74,25997600,0.005
6,2564,30,30/6/2021,3.76,3.98,3.74,3.96,3.96,79837100,0.053
7,2564,1,1/7/2021,4,4.04,3.94,4.02,4.02,69682600,0.005
7,2564,2,2/7/2021,4,4.02,3.9,3.9,3.9,31582500,-0.025
7,2564,5,5/7/2021,3.9,3.9,3.8,3.84,3.84,16705700,-0.015
7,2564,6,6/7/2021,3.84,3.94,3.84,3.94,3.94,27279800,0.026
7,2564,7,7/7/2021,3.92,4.1,3.9,4.02,4.02,166360100,0.026
7,2564,8,8/7/2021,3.96,4,3.86,3.88,3.88,73840500,-0.020
7,2564,9,9/7/2021,3.86,3.88,3.78,3.86,3.86,21811500,0.000
7,2564,12,12/7/2021,3.86,3.94,3.84,3.9,3.9,29231100,0.010
7,2564,13,13/7/2021,3.92,3.98,3.88,3.92,3.92,21801300,0.000
7,2564,14,14/7/2021,3.9,3.96,3.88,3.94,3.94,23026300,0.010
7,2564,15,15/7/2021,3.96,4.18,3.96,4.16,4.16,260549700,0.051
7,2564,16,16/7/2021,4.2,4.28,4.16,4.2,4.2,281508400,0.000
7,2564,19,19/7/2021,4.12,4.18,4.1,4.14,4.14,55708700,0.005
7,2564,20,20/7/2021,4.12,4.14,4.02,4.12,4.12,74148000,0.000
7,2564,21,21/7/2021,4.12,4.12,4.06,4.06,4.06,17072900,-0.015
7,2564,22,22/7/2021,4.08,4.28,4.08,4.2,4.2,195429900,0.029
7,2564,23,23/7/2021,4.2,4.26,4.16,4.24,4.24,80960100,0.010
7,2564,27,27/7/2021,4.26,4.38,4.18,4.34,4.34,178596500,0.019
7,2564,29,29/7/2021,4.34,4.38,4.3,4.36,4.36,92998300,0.005
7,2564,30,30/7/2021,4.34,4.36,4.24,4.28,4.28,49161900,-0.014
8,2564,2,2/8/2021,4.24,4.28,4.2,4.24,4.24,19332100,0.000
8,2564,3,3/8/2021,4.24,4.36,4.2,4.34,4.34,59676100,0.024
8,2564,4,4/8/2021,4.36,4.36,4.26,4.28,4.28,19826700,-0.018
8,2564,5,5/8/2021,4.28,4.34,4.24,4.28,4.28,25625900,0.000
8,2564,6,6/8/2021,4.3,4.32,4.22,4.3,4.3,34225700,0.000
8,2564,9,9/8/2021,4.34,4.44,4.32,4.44,4.44,148199400,0.023
8,2564,10,10/8/2021,4.44,4.44,4.36,4.38,4.38,45419200,-0.014
8,2564,11,11/8/2021,4.38,4.4,4.3,4.32,4.32,28273900,-0.014
8,2564,13,13/8/2021,4.34,4.36,4.3,4.36,4.36,39083800,0.005
8,2564,16,16/8/2021,4.32,4.32,4.1,4.22,4.22,64497200,-0.023
8,2564,17,17/8/2021,4.24,4.38,4.24,4.38,4.38,70936400,0.033
8,2564,18,18/8/2021,4.38,4.46,4.32,4.46,4.46,77493100,0.018
8,2564,19,19/8/2021,4.4,4.42,4.36,4.38,4.38,48092800,-0.005
8,2564,20,20/8/2021,4.38,4.42,4.38,4.38,4.38,13836800,0.000
8,2564,23,23/8/2021,4.46,4.46,4.26,4.34,4.34,89185400,-0.027
8,2564,24,24/8/2021,4.34,4.34,4.28,4.3,4.3,40012200,-0.009
8,2564,25,25/8/2021,4.3,4.36,4.3,4.34,4.34,26400800,0.009
8,2564,26,26/8/2021,4.34,4.38,4.32,4.32,4.32,15188800,-0.005
8,2564,27,27/8/2021,4.32,4.34,4.3,4.3,4.3,18429500,-0.005
8,2564,30,30/8/2021,4.3,4.42,4.28,4.38,4.38,40804200,0.019
8,2564,31,31/8/2021,4.36,4.38,4.32,4.32,4.32,37912300,-0.009
9,2564,1,1/9/2021,4.34,4.34,4.3,4.3,4.3,13343600,-0.009
9,2564,2,2/9/2021,4.32,4.32,4.3,4.3,4.3,9740500,-0.005
9,2564,3,3/9/2021,4.32,4.34,4.28,4.3,4.3,51093400,-0.005
9,2564,6,6/9/2021,4.3,4.36,4.28,4.3,4.3,19516300,0.000
9,2564,7,7/9/2021,4.32,4.32,4.24,4.24,4.24,20618300,-0.019
9,2564,8,8/9/2021,4.26,4.32,4.24,4.3,4.3,19378500,0.009
9,2564,9,9/9/2021,4.32,4.34,4.28,4.3,4.3,18227200,-0.005
9,2564,10,10/9/2021,4.32,4.32,4.28,4.28,4.28,12503000,-0.009
9,2564,13,13/9/2021,4.3,4.44,4.3,4.34,4.34,139439300,0.009
9,2564,14,14/9/2021,4.36,4.38,4.32,4.32,4.32,48649000,-0.009
9,2564,15,15/9/2021,4.32,4.6,4.32,4.6,4.6,230625700,0.065
9,2564,16,16/9/2021,4.54,4.58,4.44,4.48,4.48,135311100,-0.013
9,2564,17,17/9/2021,4.5,4.5,4.34,4.38,4.38,190276800,-0.027
9,2564,20,20/9/2021,4.34,4.42,4.34,4.38,4.38,25470600,0.009
9,2564,21,21/9/2021,4.38,4.46,4.36,4.44,4.44,28547400,0.014
9,2564,22,22/9/2021,4.42,4.7,4.42,4.64,4.64,186595400,0.050
9,2564,23,23/9/2021,4.64,4.72,4.56,4.66,4.66,86713600,0.004
9,2564,27,27/9/2021,4.66,4.96,4.62,4.82,4.82,215471300,0.034
9,2564,28,28/9/2021,4.82,5.05,4.82,4.96,4.96,179305100,0.029
9,2564,29,29/9/2021,4.92,5.05,4.86,4.92,4.92,108136800,0.000
9,2564,30,30/9/2021,4.92,5.05,4.88,5,5,128519900,0.016
10,2564,1,1/10/2021,4.98,5.05,4.9,4.96,4.96,75283100,-0.004
10,2564,4,4/10/2021,5,5.15,4.98,5,5,90704300,0.000
10,2564,5,5/10/2021,5,5.05,4.98,5,5,56024200,0.000
10,2564,6,6/10/2021,5,5.3,5,5.1,5.1,114323000,0.020
10,2564,7,7/10/2021,5.1,5.35,5.1,5.25,5.25,106445800,0.029
10,2564,8,8/10/2021,5.3,5.45,5.2,5.3,5.3,110129900,0.000
10,2564,11,11/10/2021,5.3,5.3,4.36,4.54,4.54,883859500,-0.143
10,2564,12,12/10/2021,4.54,4.74,4.42,4.72,4.72,276445000,0.040
10,2564,14,14/10/2021,4.7,4.7,4.46,4.52,4.52,199246400,-0.038
10,2564,15,15/10/2021,4.54,4.6,4.46,4.46,4.46,61525100,-0.018
10,2564,18,18/10/2021,4.48,4.54,4.46,4.5,4.5,51622900,0.005
10,2564,19,19/10/2021,4.5,4.5,4.38,4.38,4.38,92708000,-0.027
10,2564,20,20/10/2021,4.4,4.48,4.4,4.4,4.4,48075700,0.000
10,2564,21,21/10/2021,4.42,4.5,4.38,4.46,4.46,53777500,0.009
10,2564,25,25/10/2021,4.4,4.44,4.36,4.38,4.38,44241700,-0.005
10,2564,26,26/10/2021,4.4,4.42,4.22,4.26,4.26,64307000,-0.032
10,2564,27,27/10/2021,4.28,4.32,4.24,4.24,4.24,27914100,-0.009
10,2564,28,28/10/2021,4.24,4.4,4.24,4.34,4.34,53917800,0.024
10,2564,29,29/10/2021,4.38,4.42,4.36,4.4,4.4,27468900,0.005
11,2564,1,1/11/2021,4.4,4.42,4.38,4.38,4.38,13060300,-0.005
11,2564,2,2/11/2021,4.4,4.42,4.34,4.34,4.34,25754000,-0.014
11,2564,3,3/11/2021,4.36,4.38,4.26,4.3,4.3,33372300,-0.014
11,2564,4,4/11/2021,4.3,4.38,4.3,4.38,4.38,9486200,0.019
11,2564,5,5/11/2021,4.36,4.46,4.36,4.46,4.46,32515400,0.023
11,2564,8,8/11/2021,4.44,4.5,4.44,4.46,4.46,37159500,0.005
11,2564,9,9/11/2021,4.46,4.52,4.44,4.52,4.52,34909500,0.014
11,2564,10,10/11/2021,4.54,4.68,4.52,4.64,4.64,93921300,0.022
11,2564,11,11/11/2021,4.62,4.66,4.52,4.56,4.56,37179500,-0.013
11,2564,12,12/11/2021,4.64,4.76,4.64,4.72,4.72,133613700,0.017
11,2564,15,15/11/2021,4.76,4.84,4.6,4.68,4.68,47971200,-0.017
11,2564,16,16/11/2021,4.74,4.74,4.64,4.68,4.68,19088000,-0.013
11,2564,17,17/11/2021,4.7,4.78,4.68,4.74,4.74,41282000,0.009
11,2564,18,18/11/2021,4.68,4.76,4.68,4.76,4.76,49179000,0.017
11,2564,19,19/11/2021,4.74,4.84,4.72,4.8,4.8,64289000,0.013
11,2564,22,22/11/2021,4.78,4.8,4.68,4.8,4.8,30097700,0.004
11,2564,23,23/11/2021,4.82,4.88,4.76,4.8,4.8,32139400,-0.004
11,2564,24,24/11/2021,4.82,4.84,4.74,4.76,4.76,22200300,-0.012
11,2564,25,25/11/2021,4.78,4.9,4.76,4.9,4.9,51859700,0.025
11,2564,26,26/11/2021,4.88,5.05,4.88,4.9,4.9,127948400,0.004
11,2564,29,29/11/2021,4.86,4.96,4.66,4.72,4.72,69215700,-0.029
11,2564,30,30/11/2021,4.78,4.82,4.66,4.72,4.72,63071100,-0.013
12,2564,1,1/12/2021,4.74,5.05,4.72,5.05,5.05,98900500,0.065
12,2564,2,2/12/2021,5,5.1,4.96,5.1,5.1,35835900,0.020
12,2564,3,3/12/2021,5.05,5.15,4.98,4.98,4.98,25326600,-0.014
12,2564,7,7/12/2021,5,5.05,4.76,4.92,4.92,54127600,-0.016
12,2564,8,8/12/2021,4.94,5.05,4.9,4.94,4.94,29024000,0.000
12,2564,9,9/12/2021,4.94,4.94,4.88,4.94,4.94,15346200,0.000
12,2564,13,13/12/2021,4.96,4.98,4.92,4.92,4.92,18638900,-0.008
12,2564,14,14/12/2021,4.9,4.96,4.88,4.94,4.94,15030600,0.008
12,2564,15,15/12/2021,4.94,4.94,4.84,4.9,4.9,18421700,-0.008
12,2564,16,16/12/2021,4.9,4.92,4.86,4.88,4.88,20616900,-0.004
12,2564,17,17/12/2021,4.88,4.88,4.72,4.78,4.78,75563200,-0.021
12,2564,20,20/12/2021,4.78,4.92,4.78,4.88,4.88,47618400,0.021
12,2564,21,21/12/2021,4.9,4.9,4.82,4.86,4.86,18774000,-0.008
12,2564,22,22/12/2021,4.88,5.05,4.8,4.88,4.88,118400700,0.000
12,2564,23,23/12/2021,4.88,4.9,4.78,4.8,4.8,60418800,-0.016
12,2564,24,24/12/2021,4.8,4.94,4.7,4.92,4.92,111574300,0.025
12,2564,27,27/12/2021,4.9,4.9,4.78,4.78,4.78,42275600,-0.025
12,2564,28,28/12/2021,4.78,4.8,4.76,4.8,4.8,37338700,0.004
12,2564,29,29/12/2021,4.78,4.78,4.72,4.76,4.76,46478000,-0.004
12,2564,30,30/12/2021,4.76,4.76,4.7,4.74,4.74,46000400,-0.004
1,2565,4,4/1/2022,4.74,4.78,4.6,4.62,4.62,65628200,-0.025
1,2565,5,5/1/2022,4.62,4.66,4.52,4.54,4.54,78518000,-0.017
1,2565,6,6/1/2022,4.54,4.64,4.52,4.58,4.58,67530700,0.009
1,2565,7,7/1/2022,4.62,4.68,4.6,4.64,4.64,83017300,0.004
1,2565,10,10/1/2022,4.66,4.68,4.6,4.62,4.62,33182500,-0.009
1,2565,11,11/1/2022,4.6,4.64,4.6,4.62,4.62,17107200,0.004
1,2565,12,12/1/2022,4.64,4.64,4.48,4.52,4.52,110114900,-0.026
1,2565,13,13/1/2022,4.52,4.54,4.48,4.52,4.52,35710800,0.000
1,2565,14,14/1/2022,4.52,4.6,4.5,4.52,4.52,61927000,0.000
1,2565,17,17/1/2022,4.52,4.6,4.5,4.52,4.52,38143900,0.000
1,2565,18,18/1/2022,4.54,4.6,4.48,4.52,4.52,59761700,-0.004
1,2565,19,19/1/2022,4.54,4.58,4.5,4.54,4.54,26259200,0.000
1,2565,20,20/1/2022,4.54,4.6,4.48,4.5,4.5,23434600,-0.009
1,2565,21,21/1/2022,4.48,4.58,4.36,4.58,4.58,100393300,0.022
1,2565,24,24/1/2022,4.54,4.56,4.48,4.48,4.48,10904200,-0.013
1,2565,25,25/1/2022,4.5,4.54,4.42,4.44,4.44,28328800,-0.013
1,2565,26,26/1/2022,4.44,4.52,4.42,4.48,4.48,18887500,0.009
1,2565,27,27/1/2022,4.44,4.5,4.4,4.4,4.4,24519400,-0.009
1,2565,28,28/1/2022,4.42,4.5,4.4,4.46,4.46,21543800,0.009
1,2565,31,31/1/2022,4.46,4.56,4.46,4.52,4.52,21124300,0.014
2,2565,1,1/2/2022,4.52,4.52,4.46,4.5,4.5,15396400,-0.004
2,2565,2,2/2/2022,4.5,4.58,4.5,4.54,4.54,22609400,0.009
2,2565,3,3/2/2022,4.56,4.58,4.5,4.52,4.52,15998800,-0.009
2,2565,4,4/2/2022,4.52,4.52,4.42,4.42,4.42,34604500,-0.022
2,2565,7,7/2/2022,4.44,4.44,4.36,4.4,4.4,46606400,-0.009
2,2565,8,8/2/2022,4.4,4.44,4.4,4.42,4.42,13000300,0.005
2,2565,9,9/2/2022,4.42,4.44,4.32,4.34,4.34,27328600,-0.018
2,2565,10,10/2/2022,4.36,4.38,4.3,4.34,4.34,20744000,-0.005
2,2565,11,11/2/2022,4.34,4.36,4.3,4.32,4.32,9552600,-0.005
2,2565,14,14/2/2022,4.3,4.3,4.22,4.24,4.24,17274500,-0.014
2,2565,15,15/2/2022,4.26,4.36,4.26,4.32,4.32,25179900,0.014
2,2565,17,17/2/2022,4.38,4.42,4.32,4.36,4.36,29287900,-0.005
2,2565,18,18/2/2022,4.36,4.38,4.3,4.32,4.32,25254600,-0.009
2,2565,21,21/2/2022,4.32,4.36,4.28,4.28,4.28,10828100,-0.009
2,2565,22,22/2/2022,4.28,4.3,4.2,4.24,4.24,21976200,-0.009
2,2565,23,23/2/2022,4.26,4.32,4.22,4.3,4.3,17033800,0.009
2,2565,24,24/2/2022,4.44,4.52,4.32,4.48,4.48,156942200,0.009
2,2565,25,25/2/2022,4.52,4.66,4.42,4.6,4.6,83665000,0.018
2,2565,28,28/2/2022,4.6,4.7,4.52,4.68,4.68,58436200,0.017
3,2565,1,1/3/2022,4.68,4.7,4.6,4.6,4.6,30863700,-0.017
3,2565,2,2/3/2022,4.6,4.7,4.58,4.58,4.58,29764000,-0.004
3,2565,3,3/3/2022,4.58,4.64,4.54,4.6,4.6,24419800,0.004
3,2565,4,4/3/2022,4.56,4.62,4.5,4.5,4.5,20811800,-0.013
3,2565,7,7/3/2022,4.48,4.48,4.34,4.38,4.38,22019300,-0.022
3,2565,8,8/3/2022,4.34,4.42,4.24,4.38,4.38,27761200,0.009
3,2565,9,9/3/2022,4.42,4.54,4.36,4.54,4.54,30573300,0.027
3,2565,10,10/3/2022,4.54,4.62,4.46,4.46,4.46,23607800,-0.018
3,2565,11,11/3/2022,4.42,4.56,4.42,4.46,4.46,24222200,0.009
3,2565,14,14/3/2022,4.46,4.5,4.36,4.36,4.36,20022500,-0.022
3,2565,15,15/3/2022,4.38,4.46,4.36,4.36,4.36,11130700,-0.005
3,2565,16,16/3/2022,4.42,4.46,4.4,4.42,4.42,9279500,0.000
3,2565,17,17/3/2022,4.42,4.48,4.4,4.44,4.44,13633700,0.005
3,2565,18,18/3/2022,4.44,4.58,4.44,4.56,4.56,25702700,0.027
3,2565,21,21/3/2022,4.56,4.68,4.52,4.62,4.62,35230800,0.013
3,2565,22,22/3/2022,4.62,4.66,4.58,4.64,4.64,28851100,0.004
3,2565,23,23/3/2022,4.68,4.78,4.66,4.72,4.72,64974600,0.009
3,2565,24,24/3/2022,4.68,4.72,4.66,4.72,4.72,15007300,0.009
3,2565,25,25/3/2022,4.72,4.76,4.62,4.62,4.62,29575900,-0.021
3,2565,28,28/3/2022,4.6,4.64,4.56,4.64,4.64,13726300,0.009
3,2565,29,29/3/2022,4.66,4.74,4.64,4.72,4.72,32532900,0.013
3,2565,30,30/3/2022,4.72,4.74,4.68,4.72,4.72,12348600,0.000
3,2565,31,31/3/2022,4.72,4.74,4.68,4.7,4.7,12251400,-0.004
4,2565,1,1/4/2022,4.68,4.7,4.64,4.66,4.66,15591000,-0.004
4,2565,4,4/4/2022,4.7,4.72,4.58,4.6,4.6,12096100,-0.021
4,2565,5,5/4/2022,4.6,4.7,4.58,4.58,4.58,21089600,-0.004
4,2565,7,7/4/2022,4.58,4.62,4.44,4.46,4.46,22887400,-0.026
4,2565,8,8/4/2022,4.48,4.52,4.46,4.5,4.5,8827700,0.005
4,2565,11,11/4/2022,4.5,4.5,4.38,4.4,4.4,12717600,-0.022
4,2565,12,12/4/2022,4.4,4.5,4.4,4.44,4.44,20957900,0.009
4,2565,18,18/4/2022,4.42,4.54,4.42,4.52,4.52,22794100,0.023
4,2565,19,19/4/2022,4.54,4.66,4.52,4.62,4.62,18750500,0.018
4,2565,20,20/4/2022,4.66,4.7,4.56,4.58,4.58,22048500,-0.017
4,2565,21,21/4/2022,4.6,4.64,4.54,4.56,4.56,6223600,-0.009
4,2565,22,22/4/2022,4.56,4.66,4.56,4.6,4.6,8284700,0.009
4,2565,25,25/4/2022,4.54,4.64,4.52,4.6,4.6,8846200,0.013
4,2565,26,26/4/2022,4.6,4.64,4.54,4.54,4.54,10876300,-0.013
4,2565,27,27/4/2022,4.56,4.6,4.5,4.58,4.58,17471900,0.004
4,2565,28,28/4/2022,4.56,4.7,4.54,4.68,4.68,27813800,0.026
4,2565,29,29/4/2022,4.68,4.76,4.64,4.7,4.7,46109600,0.004
5,2565,3,3/5/2022,4.68,4.68,4.62,4.64,4.64,16150800,-0.009
5,2565,5,5/5/2022,4.68,4.74,4.62,4.7,4.7,24609000,0.004
5,2565,6,6/5/2022,4.62,4.7,4.56,4.7,4.7,34316700,0.017
5,2565,9,9/5/2022,4.68,4.74,4.6,4.62,4.62,17304000,-0.013
5,2565,10,10/5/2022,4.6,4.66,4.54,4.62,4.62,22731000,0.004
5,2565,11,11/5/2022,4.62,4.64,4.56,4.58,4.58,5175100,-0.009
5,2565,12,12/5/2022,4.56,4.62,4.5,4.56,4.56,30225000,0.000
5,2565,13,13/5/2022,4.58,4.6,4.04,4.08,4.08,168854500,-0.109
5,2565,17,17/5/2022,4.1,4.22,4.08,4.18,4.18,38924800,0.020
5,2565,18,18/5/2022,4.22,4.34,4.2,4.32,4.32,30394100,0.024
5,2565,19,19/5/2022,4.2,4.36,4.2,4.32,4.32,25757100,0.029
5,2565,20,20/5/2022,4.42,4.76,4.4,4.7,4.7,122670200,0.063
5,2565,23,23/5/2022,4.76,4.98,4.72,4.82,4.82,108929000,0.013
5,2565,24,24/5/2022,4.88,4.92,4.8,4.86,4.86,48546500,-0.004
5,2565,25,25/5/2022,4.96,5.1,4.82,4.84,4.84,95680100,-0.024
5,2565,26,26/5/2022,4.88,5.05,4.84,5.05,5.05,136832500,0.035
5,2565,27,27/5/2022,5.05,5.1,4.88,4.9,4.9,61798900,-0.030
5,2565,30,30/5/2022,4.9,4.98,4.9,4.9,4.9,30337700,0.000
5,2565,31,31/5/2022,4.92,5.05,4.92,4.96,4.96,103025600,0.008
6,2565,1,1/6/2022,4.94,4.96,4.9,4.9,4.9,35835200,-0.008
6,2565,2,2/6/2022,4.9,4.92,4.8,4.82,4.82,23873500,-0.016
6,2565,6,6/6/2022,4.86,4.92,4.82,4.9,4.9,25010800,0.008
6,2565,7,7/6/2022,4.9,4.9,4.78,4.82,4.82,14493100,-0.016
6,2565,8,8/6/2022,4.84,4.86,4.8,4.8,4.8,13408300,-0.008
6,2565,9,9/6/2022,4.82,4.84,4.7,4.7,4.7,27818800,-0.025
6,2565,10,10/6/2022,4.7,4.78,4.66,4.66,4.66,16217100,-0.009
6,2565,13,13/6/2022,4.58,4.64,4.54,4.54,4.54,26528400,-0.009
6,2565,14,14/6/2022,4.56,4.58,4.5,4.52,4.52,7706800,-0.009
6,2565,15,15/6/2022,4.54,4.58,4.48,4.52,4.52,11956400,-0.004
6,2565,16,16/6/2022,4.56,4.56,4.38,4.38,4.38,27052500,-0.040
6,2565,17,17/6/2022,4.4,4.46,4.34,4.46,4.46,16898400,0.014
6,2565,20,20/6/2022,4.44,4.44,4.32,4.34,4.34,9364800,-0.023
6,2565,21,21/6/2022,4.34,4.46,4.32,4.42,4.42,23140400,0.018
6,2565,22,22/6/2022,4.42,4.42,4.26,4.3,4.3,15382900,-0.027
6,2565,23,23/6/2022,4.32,4.36,4.28,4.3,4.3,8971000,-0.005
6,2565,24,24/6/2022,4.34,4.36,4.28,4.32,4.32,8952400,-0.005
6,2565,27,27/6/2022,4.34,4.42,4.34,4.4,4.4,14754100,0.014
6,2565,28,28/6/2022,4.4,4.42,4.34,4.38,4.38,6164000,-0.005
6,2565,29,29/6/2022,4.38,4.38,4.32,4.34,4.34,8791600,-0.009
6,2565,30,30/6/2022,4.34,4.36,4.28,4.32,4.32,10939900,-0.005
7,2565,1,1/7/2022,4.32,4.34,4.24,4.26,4.26,9509700,-0.014
7,2565,4,4/7/2022,4.26,4.28,4.18,4.2,4.2,13262700,-0.014
7,2565,5,5/7/2022,4.2,4.22,4.08,4.1,4.1,29795700,-0.024
7,2565,6,6/7/2022,4.08,4.2,4.06,4.2,4.2,9299100,0.029
7,2565,7,7/7/2022,4.22,4.24,4.16,4.22,4.22,6373600,0.000
7,2565,8,8/7/2022,4.22,4.22,4.16,4.16,4.16,4833100,-0.014
7,2565,11,11/7/2022,4.14,4.18,4.1,4.16,4.16,3313200,0.005
7,2565,12,12/7/2022,4.14,4.2,4.08,4.08,4.08,11601100,-0.015
7,2565,14,14/7/2022,4.08,4.18,4.08,4.1,4.1,8767100,0.005
7,2565,15,15/7/2022,4.12,4.14,3.9,4,4,27702200,-0.029
7,2565,18,18/7/2022,4.02,4.2,4,4.2,4.2,14478200,0.045
7,2565,19,19/7/2022,4.16,4.18,4.1,4.16,4.16,5391000,0.000
7,2565,20,20/7/2022,4.18,4.2,4.1,4.12,4.12,12479700,-0.014
7,2565,21,21/7/2022,4.14,4.2,4.1,4.18,4.18,7284200,0.010
7,2565,22,22/7/2022,4.18,4.22,4.14,4.2,4.2,6235300,0.005
7,2565,25,25/7/2022,4.18,4.3,4.18,4.28,4.28,9924900,0.024
7,2565,26,26/7/2022,4.34,4.4,4.28,4.32,4.32,16233000,-0.005
7,2565,27,27/7/2022,4.36,4.38,4.3,4.32,4.32,11956400,-0.009
8,2565,1,1/8/2022,4.36,4.52,4.32,4.48,4.48,64881200,0.028
8,2565,2,2/8/2022,4.4,4.44,4.32,4.4,4.4,19130000,0.000
8,2565,3,3/8/2022,4.38,4.44,4.34,4.36,4.36,7332100,-0.005
8,2565,4,4/8/2022,4.38,4.4,4.34,4.34,4.34,6012600,-0.009
8,2565,5,5/8/2022,4.34,4.4,4.24,4.26,4.26,15131400,-0.018
8,2565,8,8/8/2022,4.26,4.36,4.24,4.34,4.34,9610900,0.019
8,2565,9,9/8/2022,4.34,4.44,4.32,4.34,4.34,15520200,0.000
8,2565,10,10/8/2022,4.32,4.4,4.28,4.3,4.3,10826000,-0.005
8,2565,11,11/8/2022,4.32,4.36,4.28,4.3,4.3,6510900,-0.005
8,2565,15,15/8/2022,4.3,4.34,4.26,4.26,4.26,9514200,-0.009
8,2565,16,16/8/2022,4.28,4.32,4.2,4.2,4.2,10704900,-0.019
8,2565,17,17/8/2022,4.22,4.24,4.16,4.18,4.18,16654000,-0.010
8,2565,18,18/8/2022,4.2,4.28,4.14,4.16,4.16,40599300,-0.010
8,2565,19,19/8/2022,4.16,4.18,4.06,4.1,4.1,33885100,-0.014
8,2565,22,22/8/2022,4.08,4.1,3.98,4,4,37551400,-0.020
8,2565,23,23/8/2022,4,4.06,3.96,4.04,4.04,43543300,0.010
8,2565,24,24/8/2022,4.08,4.18,4.06,4.12,4.12,30758600,0.010
8,2565,25,25/8/2022,4.12,4.18,4.1,4.1,4.1,11653100,-0.005
8,2565,26,26/8/2022,4.08,4.1,4.02,4.04,4.04,20356100,-0.010
8,2565,29,29/8/2022,4.02,4.1,4,4.08,4.08,28254000,0.015
8,2565,30,30/8/2022,4.06,4.14,4.06,4.08,4.08,24004200,0.005
8,2565,31,31/8/2022,4.08,4.18,4.06,4.18,4.18,31172900,0.025
9,2565,1,1/9/2022,4.14,4.18,4.08,4.08,4.08,20362600,-0.015
9,2565,2,2/9/2022,4.08,4.12,4.06,4.08,4.08,9209800,0.000
9,2565,5,5/9/2022,4.06,4.12,4.06,4.08,4.08,3734400,0.005
9,2565,6,6/9/2022,4.08,4.12,4.08,4.1,4.1,4482900,0.005
9,2565,7,7/9/2022,4.08,4.1,4.08,4.08,4.08,4360800,0.000
9,2565,8,8/9/2022,4.12,4.16,4.1,4.12,4.12,21131900,0.000
9,2565,9,9/9/2022,4.12,4.16,4.1,4.14,4.14,11255300,0.005
9,2565,12,12/9/2022,4.16,4.28,4.14,4.22,4.22,39510500,0.014
9,2565,13,13/9/2022,4.22,4.22,4.12,4.16,4.16,18867900,-0.014
9,2565,14,14/9/2022,4.1,4.14,4.08,4.12,4.12,12469700,0.005
9,2565,15,15/9/2022,4.12,4.16,4.08,4.16,4.16,9920600,0.010
9,2565,16,16/9/2022,4.12,4.14,4.08,4.1,4.1,8504500,-0.005
9,2565,19,19/9/2022,4.1,4.12,4.04,4.04,4.04,14066100,-0.015
9,2565,20,20/9/2022,4.08,4.1,4.06,4.06,4.06,3152400,-0.005
9,2565,21,21/9/2022,4.06,4.08,4.04,4.04,4.04,4079300,-0.005
9,2565,22,22/9/2022,4.04,4.14,4.04,4.1,4.1,10016600,0.015
9,2565,23,23/9/2022,4.1,4.1,4.04,4.08,4.08,9907900,-0.005
9,2565,26,26/9/2022,4.06,4.06,3.96,3.98,3.98,20270500,-0.020
9,2565,27,27/9/2022,4.04,4.06,3.98,4,4,21069400,-0.010
9,2565,28,28/9/2022,4,4,3.8,3.82,3.82,36515400,-0.045
9,2565,29,29/9/2022,3.9,4.04,3.86,3.96,3.96,62868200,0.015
9,2565,30,30/9/2022,3.96,4.08,3.92,4.08,4.08,59375600,0.030
10,2565,3,3/10/2022,4.06,4.06,3.94,4,4,53682700,-0.015
10,2565,4,4/10/2022,3.96,3.98,3.76,3.78,3.78,106685000,-0.046
10,2565,5,5/10/2022,3.84,3.86,3.74,3.78,3.78,31887700,-0.016
10,2565,6,6/10/2022,3.8,3.8,3.72,3.72,3.72,17252100,-0.021
10,2565,7,7/10/2022,3.7,3.7,3.66,3.68,3.68,17554100,-0.005
10,2565,10,10/10/2022,3.64,3.78,3.6,3.66,3.66,39780000,0.006
10,2565,11,11/10/2022,3.7,3.82,3.66,3.76,3.76,55729600,0.016
10,2565,12,12/10/2022,3.78,3.92,3.68,3.76,3.76,95685700,-0.005
10,2565,17,17/10/2022,3.78,3.8,3.68,3.68,3.68,50680800,-0.027
10,2565,18,18/10/2022,3.72,3.74,3.6,3.6,3.6,151865900,-0.032
10,2565,19,19/10/2022,3.62,3.66,3.6,3.62,3.62,31568000,0.000
10,2565,20,20/10/2022,3.62,3.62,3.5,3.5,3.5,72019700,-0.033
10,2565,21,21/10/2022,3.52,3.54,3.22,3.26,3.26,151415100,-0.074
10,2565,25,25/10/2022,3.3,3.4,3.24,3.38,3.38,67775700,0.024
10,2565,26,26/10/2022,3.4,3.4,3.32,3.32,3.32,18220100,-0.024
10,2565,27,27/10/2022,3.34,3.34,3.2,3.24,3.24,66832500,-0.030
10,2565,28,28/10/2022,3.3,3.34,3.18,3.2,3.2,59866100,-0.030
10,2565,31,31/10/2022,3.22,3.26,3.16,3.2,3.2,48757800,-0.006
11,2565,1,1/11/2022,3.22,3.24,3.18,3.2,3.2,34223700,-0.006
11,2565,2,2/11/2022,3.2,3.22,3.18,3.18,3.18,27126500,-0.006
11,2565,3,3/11/2022,3.2,3.44,3.18,3.42,3.42,132900800,0.069
11,2565,4,4/11/2022,3.44,3.48,3.38,3.42,3.42,57967300,-0.006
11,2565,7,7/11/2022,3.42,3.42,3.3,3.32,3.32,25134900,-0.029
11,2565,8,8/11/2022,3.32,3.36,3.26,3.26,3.26,19343900,-0.018
11,2565,9,9/11/2022,3.28,3.32,3.28,3.3,3.3,17594000,0.006
11,2565,10,10/11/2022,3.3,3.42,3.28,3.4,3.4,42739700,0.030
11,2565,11,11/11/2022,3.44,3.44,3.38,3.4,3.4,21961300,-0.012
11,2565,14,14/11/2022,3.32,3.38,3.32,3.34,3.34,18165000,0.006
11,2565,15,15/11/2022,3.38,3.4,3.34,3.36,3.36,26735000,-0.006
11,2565,16,16/11/2022,3.36,3.4,3.28,3.3,3.3,26279600,-0.018
11,2565,17,17/11/2022,3.3,3.32,3.26,3.28,3.28,9224400,-0.006
11,2565,18,18/11/2022,3.28,3.28,3.16,3.16,3.16,45132000,-0.037
11,2565,21,21/11/2022,3.18,3.34,3.18,3.28,3.28,81287100,0.031
11,2565,22,22/11/2022,3.28,3.3,3.24,3.26,3.26,19223700,-0.006
11,2565,23,23/11/2022,3.28,3.3,3.24,3.28,3.28,22757700,0.000
11,2565,24,24/11/2022,3.28,3.32,3.2,3.24,3.24,33921600,-0.012
11,2565,25,25/11/2022,3.24,3.32,3.24,3.28,3.28,17690700,0.012
11,2565,28,28/11/2022,3.26,3.3,3.18,3.22,3.22,22467100,-0.012
11,2565,29,29/11/2022,3.24,3.28,3.2,3.2,3.2,22831600,-0.012
11,2565,30,30/11/2022,3.22,3.26,3.18,3.24,3.24,21549700,0.006
12,2565,1,1/12/2022,3.26,3.3,3.22,3.26,3.26,60071600,0.000
12,2565,2,2/12/2022,3.28,3.34,3.26,3.28,3.28,32817200,0.000
12,2565,6,6/12/2022,3.28,3.34,3.28,3.3,3.3,31440600,0.006
12,2565,7,7/12/2022,3.3,3.36,3.3,3.32,3.32,38375900,0.006
12,2565,8,8/12/2022,3.34,3.38,3.3,3.32,3.32,26425600,-0.006
12,2565,9,9/12/2022,3.32,3.32,3.26,3.26,3.26,25673400,-0.018
12,2565,13,13/12/2022,3.26,3.28,3.16,3.22,3.22,43076600,-0.012
12,2565,14,14/12/2022,3.22,3.26,2.96,3,3,214843000,-0.068
12,2565,15,15/12/2022,3,3,2.74,2.74,2.74,122120900,-0.087
12,2565,16,16/12/2022,2.64,2.7,2.26,2.48,2.48,591019000,-0.061
12,2565,19,19/12/2022,2.48,2.56,2.28,2.28,2.28,290781200,-0.081
12,2565,20,20/12/2022,2.36,2.4,2.16,2.34,2.34,339431500,-0.009
12,2565,21,21/12/2022,2.4,2.4,2.3,2.34,2.34,115375900,-0.025
12,2565,22,22/12/2022,2.4,2.42,2.3,2.3,2.3,191891500,-0.042
12,2565,23,23/12/2022,2.3,2.32,2.24,2.3,2.3,54813000,0.000
12,2565,26,26/12/2022,2.3,2.46,2.3,2.4,2.4,107446400,0.044
12,2565,27,27/12/2022,2.38,2.44,2.38,2.42,2.42,61928100,0.017
12,2565,28,28/12/2022,2.42,2.46,2.38,2.42,2.42,43043600,0.000
12,2565,29,29/12/2022,2.4,2.42,2.4,2.4,2.4,12165500,0.000
12,2565,30,30/12/2022,2.42,2.56,2.42,2.5,2.5,119688600,0.033
1,2566,3,3/1/2023,2.5,2.54,2.42,2.44,2.44,73417000,-0.024
1,2566,4,4/1/2023,2.44,2.56,2.44,2.54,2.54,56219800,0.041
1,2566,5,5/1/2023,2.56,2.62,2.5,2.52,2.52,83862300,-0.016
1,2566,6,6/1/2023,2.54,2.58,2.5,2.5,2.5,66200600,-0.016
1,2566,9,9/1/2023,2.52,2.56,2.52,2.54,2.54,33374700,0.008
1,2566,10,10/1/2023,2.54,2.56,2.5,2.5,2.5,41401100,-0.016
1,2566,11,11/1/2023,2.52,2.54,2.48,2.5,2.5,28215800,-0.008
1,2566,12,12/1/2023,2.5,2.52,2.48,2.5,2.5,15521400,0.000
1,2566,13,13/1/2023,2.5,2.74,2.5,2.68,2.68,219900300,0.072
1,2566,16,16/1/2023,2.7,2.78,2.64,2.68,2.68,64577500,-0.007
1,2566,17,17/1/2023,2.68,2.74,2.66,2.68,2.68,30985700,0.000
1,2566,18,18/1/2023,2.68,2.8,2.68,2.78,2.78,74591900,0.037
1,2566,19,19/1/2023,2.74,2.9,2.72,2.82,2.82,139451100,0.029
1,2566,20,20/1/2023,2.86,3.14,2.84,3.04,3.04,350084200,0.063
1,2566,23,23/1/2023,3.06,3.14,2.98,3.06,3.06,175240200,0.000
1,2566,24,24/1/2023,3.08,3.1,2.94,3,3,162480400,-0.026
1,2566,25,25/1/2023,3.04,3.08,2.96,2.98,2.98,132486200,-0.020
1,2566,26,26/1/2023,3,3.08,2.98,3.06,3.06,74081800,0.020
1,2566,27,27/1/2023,3.06,3.08,2.94,3,3,102524800,-0.020
1,2566,30,30/1/2023,3.02,3.08,2.98,3,3,85267800,-0.007
1,2566,31,31/1/2023,3,3.02,2.94,2.98,2.98,75791000,-0.007
2,2566,1,1/2/2023,2.98,3.04,2.98,3.04,3.04,55072800,0.020
2,2566,2,2/2/2023,3.04,3.04,3,3,3,24076000,-0.013
2,2566,3,3/2/2023,3.02,3.02,2.96,2.96,2.96,33303700,-0.020
2,2566,6,6/2/2023,2.98,3.02,2.94,3,3,54071300,0.007
2,2566,7,7/2/2023,3,3.02,2.92,2.94,2.94,57344300,-0.020
2,2566,8,8/2/2023,2.96,2.98,2.86,2.88,2.88,57757100,-0.027
2,2566,9,9/2/2023,2.86,2.86,2.76,2.82,2.82,93018900,-0.014
2,2566,10,10/2/2023,2.8,2.82,2.74,2.78,2.78,46139700,-0.007
2,2566,13,13/2/2023,2.78,2.84,2.72,2.74,2.74,44904300,-0.014
2,2566,14,14/2/2023,2.74,2.76,2.58,2.6,2.6,93968800,-0.051
2,2566,15,15/2/2023,2.6,2.68,2.52,2.58,2.58,115469800,-0.008
2,2566,16,16/2/2023,2.6,2.64,2.56,2.6,2.6,40136000,0.000
2,2566,17,17/2/2023,2.6,2.62,2.56,2.6,2.6,45946400,0.000
2,2566,20,20/2/2023,2.6,2.74,2.58,2.66,2.66,77039000,0.023
2,2566,21,21/2/2023,2.66,2.7,2.6,2.62,2.62,46161000,-0.015
2,2566,22,22/2/2023,2.62,2.64,2.56,2.58,2.58,41891500,-0.015
2,2566,23,23/2/2023,2.58,2.6,2.46,2.48,2.48,83023700,-0.039
2,2566,24,24/2/2023,2.44,2.48,2.36,2.4,2.4,99732100,-0.016
2,2566,27,27/2/2023,2.4,2.42,2.32,2.38,2.38,41145500,-0.008
2,2566,28,28/2/2023,2.4,2.44,2.38,2.38,2.38,31916000,-0.008
3,2566,1,1/3/2023,2.38,2.38,2.38,2.38,2.38,0,0.000
3,2566,2,2/3/2023,2.38,2.38,2.38,2.38,2.38,0,0.000
3,2566,3,3/3/2023,2.38,2.38,2.38,2.38,2.38,0,0.000
3,2566,7,7/3/2023,2.38,2.38,2.38,2.38,2.38,0,0.000
3,2566,8,8/3/2023,2.38,2.38,2.38,2.38,2.38,0,0.000
3,2566,9,9/3/2023,2.38,2.38,2.38,2.38,2.38,0,0.000
3,2566,10,10/3/2023,2.38,2.38,2.38,2.38,2.38,0,0.000
3,2566,13,13/3/2023,2.38,2.38,2.38,2.38,2.38,0,0.000
3,2566,14,14/3/2023,2.38,2.38,2.38,2.38,2.38,0,0.000
3,2566,15,15/3/2023,2.38,2.38,2.38,2.38,2.38,0,0.000
3,2566,16,16/3/2023,2.38,2.38,2.38,2.38,2.38,0,0.000
3,2566,17,17/3/2023,2.38,2.38,2.38,2.38,2.38,0,0.000
3,2566,20,20/3/2023,2.38,2.38,2.38,2.38,2.38,0,0.000
3,2566,21,21/3/2023,2.38,2.38,2.38,2.38,2.38,0,0.000
3,2566,22,22/3/2023,2.38,2.38,2.38,2.38,2.38,0,0.000
3,2566,23,23/3/2023,2.38,2.38,2.38,2.38,2.38,0,0.000
3,2566,24,24/3/2023,2.38,2.38,2.38,2.38,2.38,0,0.000
3,2566,27,27/3/2023,2.38,2.38,2.38,2.38,2.38,0,0.000
3,2566,28,28/3/2023,2.38,2.38,2.38,2.38,2.38,0,0.000
3,2566,29,29/3/2023,2.38,2.38,2.38,2.38,2.38,0,0.000
3,2566,30,30/3/2023,2.38,2.38,2.38,2.38,2.38,0,0.000
3,2566,31,31/3/2023,2.38,2.38,2.38,2.38,2.38,0,0.000
4,2566,3,3/4/2023,2.38,2.38,2.38,2.38,2.38,0,0.000
4,2566,4,4/4/2023,2.38,2.38,2.38,2.38,2.38,0,0.000
4,2566,5,5/4/2023,2.38,2.38,2.38,2.38,2.38,0,0.000
4,2566,7,7/4/2023,2.38,2.38,2.38,2.38,2.38,0,0.000
4,2566,10,10/4/2023,2.38,2.38,2.38,2.38,2.38,0,0.000
4,2566,11,11/4/2023,2.38,2.38,2.38,2.38,2.38,0,0.000
4,2566,12,12/4/2023,2.38,2.38,2.38,2.38,2.38,0,0.000
4,2566,17,17/4/2023,2.38,2.38,2.38,2.38,2.38,0,0.000
4,2566,18,18/4/2023,2.38,2.38,2.38,2.38,2.38,0,0.000
4,2566,19,19/4/2023,2.38,2.38,2.38,2.38,2.38,0,0.000
4,2566,20,20/4/2023,2.38,2.38,2.38,2.38,2.38,0,0.000
4,2566,21,21/4/2023,2.38,2.38,2.38,2.38,2.38,0,0.000
4,2566,24,24/4/2023,2.38,2.38,2.38,2.38,2.38,0,0.000
4,2566,25,25/4/2023,2.38,2.38,2.38,2.38,2.38,0,0.000
4,2566,26,26/4/2023,2.38,2.38,2.38,2.38,2.38,0,0.000
4,2566,27,27/4/2023,2.38,2.38,2.38,2.38,2.38,0,0.000
4,2566,28,28/4/2023,2.38,2.38,2.38,2.38,2.38,0,0.000
5,2566,2,2/5/2023,2.38,2.38,2.38,2.38,2.38,0,0.000
5,2566,3,3/5/2023,2.38,2.38,2.38,2.38,2.38,0,0.000
5,2566,8,8/5/2023,2.38,2.38,2.38,2.38,2.38,0,0.000
5,2566,9,9/5/2023,2.38,2.38,2.38,2.38,2.38,0,0.000
5,2566,10,10/5/2023,2.38,2.38,2.38,2.38,2.38,0,0.000
5,2566,11,11/5/2023,2.38,2.38,2.38,2.38,2.38,0,0.000
5,2566,12,12/5/2023,2.38,2.38,2.38,2.38,2.38,0,0.000
5,2566,15,15/5/2023,2.38,2.38,2.38,2.38,2.38,0,0.000
5,2566,16,16/5/2023,2.38,2.38,2.38,2.38,2.38,0,0.000
5,2566,17,17/5/2023,2.38,2.38,2.38,2.38,2.38,0,0.000
5,2566,18,18/5/2023,2.38,2.38,2.38,2.38,2.38,0,0.000
5,2566,19,19/5/2023,2.38,2.38,2.38,2.38,2.38,0,0.000
5,2566,22,22/5/2023,2.38,2.38,2.38,2.38,2.38,0,0.000
5,2566,23,23/5/2023,2.38,2.38,2.38,2.38,2.38,0,0.000
5,2566,24,24/5/2023,2.38,2.38,2.38,2.38,2.38,0,0.000
5,2566,25,25/5/2023,2.38,2.38,2.38,2.38,2.38,0,0.000
5,2566,26,26/5/2023,2.38,2.38,2.38,2.38,2.38,0,0.000
5,2566,29,29/5/2023,2.38,2.38,2.38,2.38,2.38,0,0.000
5,2566,30,30/5/2023,2.38,2.38,2.38,2.38,2.38,0,0.000
5,2566,31,31/5/2023,2.38,2.38,2.38,2.38,2.38,0,0.000
6,2566,1,1/6/2023,0.25,0.34,0.13,0.18,0.18,520448204,-0.280
6,2566,2,2/6/2023,0.17,0.23,0.14,0.22,0.22,2220534000,0.294
6,2566,6,6/6/2023,0.18,0.21,0.17,0.18,0.18,976195700,0.000
6,2566,7,7/6/2023,0.18,0.2,0.15,0.15,0.15,1081814300,-0.167
6,2566,8,8/6/2023,0.16,0.16,0.13,0.14,0.14,572927100,-0.125
6,2566,9,9/6/2023,0.13,0.14,0.11,0.11,0.11,1049024900,-0.154
6,2566,12,12/6/2023,0.11,0.12,0.09,0.1,0.1,1102974700,-0.091
6,2566,13,13/6/2023,0.1,0.1,0.09,0.1,0.1,141030400,0.000
6,2566,14,14/6/2023,0.1,0.12,0.09,0.1,0.1,331427600,0.000
6,2566,15,15/6/2023,0.1,0.11,0.09,0.09,0.09,86409000,-0.100
6,2566,16,16/6/2023,0.09,0.1,0.07,0.08,0.08,254738600,-0.111
6,2566,19,19/6/2023,0.05,0.06,0.05,0.05,0.05,70641200,0.000
6,2566,20,20/6/2023,0.03,0.04,0.03,0.04,0.04,74806900,0.333
6,2566,21,21/6/2023,0.01,0.03,0.01,0.03,0.03,1075613500,2.000
6,2566,22,22/6/2023,0.03,0.03,0.02,0.02,0.02,183577500,-0.333
6,2566,23,23/6/2023,0.02,0.03,0.02,0.03,0.03,505777000,0.500
6,2566,26,26/6/2023,0.02,0.03,0.02,0.02,0.02,151579100,0.000
6,2566,27,27/6/2023,0.02,0.03,0.02,0.02,0.02,48277400,0.000
6,2566,28,28/6/2023,0.02,0.02,0.01,0.02,0.02,220563900,0.000
6,2566,29,29/6/2023,0.02,0.03,0.01,0.02,0.02,412209900,0.000
6,2566,30,30/6/2023,0.02,0.03,0.02,0.02,0.02,943070600,0.000
7,2566,3,3/7/2023,0.02,0.02,0.02,0.02,0.02,0,0.000
7,2566,4,4/7/2023,0.02,0.02,0.02,0.02,0.02,0,0.000
7,2566,5,5/7/2023,0.02,0.02,0.02,0.02,0.02,0,0.000
7,2566,6,6/7/2023,0.02,0.02,0.02,0.02,0.02,0,0.000
7,2566,7,7/7/2023,0.02,0.02,0.02,0.02,0.02,0,0.000
7,2566,10,10/7/2023,0.02,0.02,0.02,0.02,0.02,0,0.000
7,2566,11,11/7/2023,0.02,0.02,0.02,0.02,0.02,0,0.000
7,2566,12,12/7/2023,0.02,0.02,0.02,0.02,0.02,0,0.000
7,2566,13,13/7/2023,0.02,0.02,0.02,0.02,0.02,0,0.000
7,2566,14,14/7/2023,0.02,0.02,0.02,0.02,0.02,0,0.000
7,2566,17,17/7/2023,0.02,0.02,0.02,0.02,0.02,0,0.000
7,2566,18,18/7/2023,0.02,0.02,0.02,0.02,0.02,0,0.000
7,2566,19,19/7/2023,0.02,0.02,0.02,0.02,0.02,0,0.000
7,2566,20,20/7/2023,0.02,0.02,0.02,0.02,0.02,0,0.000
7,2566,21,21/7/2023,0.02,0.02,0.02,0.02,0.02,0,0.000
7,2566,24,24/7/2023,0.02,0.02,0.02,0.02,0.02,0,0.000
7,2566,25,25/7/2023,0.02,0.02,0.02,0.02,0.02,0,0.000
7,2566,26,26/7/2023,0.02,0.02,0.02,0.02,0.02,0,0.000
7,2566,27,27/7/2023,0.02,0.02,0.02,0.02,0.02,0,0.000
7,2566,31,31/7/2023,0.02,0.02,0.02,0.02,0.02,0,0.000
8,2566,2,2/8/2023,0.02,0.02,0.02,0.02,0.02,0,0.000
8,2566,3,3/8/2023,0.02,0.02,0.02,0.02,0.02,0,0.000
8,2566,4,4/8/2023,0.02,0.02,0.02,0.02,0.02,0,0.000
8,2566,7,7/8/2023,0.02,0.02,0.02,0.02,0.02,0,0.000
8,2566,8,8/8/2023,0.02,0.02,0.02,0.02,0.02,0,0.000
8,2566,9,9/8/2023,0.02,0.02,0.02,0.02,0.02,0,0.000
8,2566,10,10/8/2023,0.02,0.02,0.02,0.02,0.02,0,0.000
8,2566,11,11/8/2023,0.02,0.02,0.02,0.02,0.02,0,0.000
